"Time (s)","Acceleration x (m/s^2)","Acceleration y (m/s^2)","Acceleration z (m/s^2)","Absolute acceleration (m/s^2)"
1.947624987E-3,-1.082548828E0,-2.279908905E0,8.980874176E0,9.328772564E0
1.197162500E-2,-1.157093811E0,-2.202968903E0,8.369096375E0,8.731191912E0
2.199662500E-2,-1.091679840E0,-2.108515320E0,8.221952362E0,8.557926289E0
3.202162500E-2,-1.062041473E0,-2.139051819E0,8.344846802E0,8.679858462E0
4.204662499E-2,-1.118025055E0,-2.131866760E0,8.814869385E0,9.137656055E0
5.207162499E-2,-1.192420349E0,-2.143692169E0,9.417067108E0,9.731312107E0
6.209562501E-2,-1.200653229E0,-2.200124817E0,9.916129303E0,1.022798796E1
7.212062500E-2,-1.180744629E0,-2.276915131E0,1.021700363E1,1.053402409E1
8.214562500E-2,-1.147813110E0,-2.318827972E0,1.033944901E1,1.065826646E1
9.217062499E-2,-1.123114471E0,-2.325414276E0,1.020637573E1,1.052801231E1
1.021956250E-1,-1.114881592E0,-2.281555481E0,9.927206268E0,1.024684735E1
1.122206250E-1,-1.113085327E0,-2.223027191E0,9.700577545E0,1.001409075E1
1.222446250E-1,-1.102008362E0,-2.171234894E0,9.487420807E0,9.794888308E0
1.322696250E-1,-1.088686066E0,-2.122735748E0,9.282347260E0,9.584008298E0
1.422946250E-1,-1.096020813E0,-2.091450806E0,9.172326050E0,9.471377580E0
1.523196250E-1,-1.097817078E0,-2.095941467E0,9.259594574E0,9.557105453E0
1.623436250E-1,-1.097667389E0,-2.143243103E0,9.498048706E0,9.798535295E0
1.723686250E-1,-1.030008087E0,-2.217039642E0,9.645641785E0,9.950607362E0
1.823936250E-1,-9.711804199E-1,-2.266287231E0,9.684710541E0,9.993641352E0
1.924186250E-1,-1.017583923E0,-2.289189606E0,9.829010468E0,1.014323976E1
2.024436250E-1,-1.077459412E0,-2.313888245E0,9.941875763E0,1.026430179E1
2.124686250E-1,-1.086740112E0,-2.312541046E0,9.843230896E0,1.016946629E1
2.224926250E-1,-1.069974976E0,-2.285297699E0,9.690548401E0,1.001369863E1
2.325176250E-1,-1.046024780E0,-2.217488708E0,9.641749878E0,9.948606170E0
2.425426250E-1,-1.026415558E0,-2.156715088E0,9.596094818E0,9.888881869E0
2.525676250E-1,-1.024170227E0,-2.090852051E0,9.547595673E0,9.827368421E0
2.625926250E-1,-1.039737854E0,-2.030826874E0,9.575138397E0,9.843200085E0
2.726166250E-1,-1.058898010E0,-2.022743683E0,9.648336182E0,9.914794404E0
2.826416250E-1,-1.084943848E0,-2.048041077E0,9.654024353E0,9.928331260E0
2.926666250E-1,-1.121916962E0,-2.108964386E0,9.603279877E0,9.895929104E0
3.026916250E-1,-1.136137390E0,-2.167941742E0,9.565408630E0,9.873592144E0
3.127166250E-1,-1.124162292E0,-2.228415985E0,9.583071899E0,9.902769597E0
3.227406250E-1,-1.127754822E0,-2.253114624E0,9.613159332E0,9.937866411E0
3.327656250E-1,-1.114282837E0,-2.261946259E0,9.589059448E0,9.915043531E0
3.427906250E-1,-1.128353577E0,-2.260449371E0,9.624385986E0,9.950458219E0
3.528156250E-1,-1.130598907E0,-2.268382874E0,9.692344666E0,1.001825134E1
3.628406250E-1,-1.122066650E0,-2.257904663E0,9.676627350E0,9.999714191E0
3.728646250E-1,-1.136436768E0,-2.237696686E0,9.644893341E0,9.966079598E0
3.828896250E-1,-1.142574005E0,-2.224224701E0,9.605974274E0,9.926096545E0
3.929146250E-1,-1.139280853E0,-2.228715363E0,9.580976257E0,9.902537002E0
4.029396250E-1,-1.129700775E0,-2.232158203E0,9.532028046E0,9.854862391E0
4.129642917E-1,-1.123413849E0,-2.234553223E0,9.495653687E0,9.819507407E0
4.229882917E-1,-1.119671631E0,-2.249522095E0,9.473948822E0,9.801516235E0
4.330132917E-1,-1.125060425E0,-2.265389099E0,9.430688782E0,9.763997113E0
4.430382917E-1,-1.128503265E0,-2.272274780E0,9.416468353E0,9.752262740E0
4.530632917E-1,-1.144519958E0,-2.284399567E0,9.444460144E0,9.783978471E0
4.630882917E-1,-1.146465912E0,-2.298320618E0,9.509724426E0,9.850457878E0
4.731122917E-1,-1.146016846E0,-2.318528595E0,9.568252716E0,9.911629003E0
4.831372917E-1,-1.154698792E0,-2.328857117E0,9.640702057E0,9.984990782E0
4.931622916E-1,-1.133592682E0,-2.334395599E0,9.682614899E0,1.002434369E1
5.031872917E-1,-1.121767273E0,-2.321971436E0,9.674082642E0,1.001188235E1
5.132122917E-1,-1.133293304E0,-2.289039917E0,9.631571045E0,9.964497892E0
5.232362917E-1,-1.146615601E0,-2.261048126E0,9.569450226E0,9.899567849E0
5.332612917E-1,-1.133892059E0,-2.241738281E0,9.536818085E0,9.862149913E0
5.432862916E-1,-1.096320190E0,-2.224374390E0,9.500892792E0,9.819201761E0
5.533112917E-1,-1.060095520E0,-2.225272522E0,9.446256409E0,9.762550919E0
5.633362917E-1,-1.055155792E0,-2.232307892E0,9.415570221E0,9.733936247E0
5.733602917E-1,-1.077459412E0,-2.231260071E0,9.529782715E0,9.846633886E0
5.833852917E-1,-1.123413849E0,-2.267933807E0,9.607920227E0,9.935678815E0
5.934102917E-1,-1.195264435E0,-2.307002563E0,9.563163300E0,9.909844105E0
6.034352917E-1,-1.234782257E0,-2.318378906E0,9.586514740E0,9.939860806E0
6.134602917E-1,-1.222058716E0,-2.337688751E0,9.643396454E0,9.997665296E0
6.234842917E-1,-1.230740662E0,-2.331551514E0,9.471254425E0,9.831353692E0
6.335092917E-1,-1.242566071E0,-2.357896729E0,9.544302521E0,9.909458009E0
6.435342917E-1,-1.103205872E0,-2.440674591E0,9.869875488E0,1.022684691E1
6.535592916E-1,-9.532177734E-1,-2.425556030E0,9.818083191E0,1.015808563E1
6.635842917E-1,-9.961784363E-1,-2.401306458E0,9.558972015E0,9.906189488E0
6.736082917E-1,-1.078058167E0,-2.356699219E0,9.476044464E0,9.824034777E0
6.836332917E-1,-1.112935638E0,-2.313289490E0,9.554181976E0,9.893044387E0
6.936582917E-1,-1.158441010E0,-2.295775909E0,9.671388245E0,1.000741341E1
7.036832916E-1,-1.219514008E0,-2.302811279E0,9.788594513E0,1.012949835E1
7.137082917E-1,-1.255139923E0,-2.309996338E0,9.815239105E0,1.016121932E1
7.237322917E-1,-1.220711517E0,-2.287842407E0,9.721983032E0,1.006187426E1
7.337572917E-1,-1.148112488E0,-2.279759216E0,9.540111237E0,9.875686648E0
7.437822917E-1,-1.134939880E0,-2.301015015E0,9.404343567E0,9.748047833E0
7.538072917E-1,-1.142574005E0,-2.353256378E0,9.424551544E0,9.780872290E0
7.638322917E-1,-1.139131165E0,-2.428400116E0,9.513616333E0,9.884515297E0
7.738572917E-1,-1.117126923E0,-2.500250702E0,9.531429291E0,9.917024274E0
7.838812917E-1,-1.105900269E0,-2.557581482E0,9.509574738E0,9.909402108E0
7.939062917E-1,-1.105151825E0,-2.601739655E0,9.516161041E0,9.927120970E0
8.039312917E-1,-1.113085327E0,-2.599644012E0,9.542356567E0,9.952571366E0
8.139562917E-1,-1.134341125E0,-2.564317474E0,9.600585480E0,1.000168463E1
8.239812917E-1,-1.166224823E0,-2.526146851E0,9.626331940E0,1.002036750E1
8.340052917E-1,-1.186283112E0,-2.512225800E0,9.616751862E0,1.001001810E1
8.440302917E-1,-1.170266418E0,-2.500999146E0,9.605974274E0,9.994961829E0
8.540552917E-1,-1.125060425E0,-2.462229767E0,9.597591705E0,9.972066131E0
8.640802916E-1,-1.105151825E0,-2.412383423E0,9.592801666E0,9.953029596E0
8.741052917E-1,-1.106948090E0,-2.358046417E0,9.666448517E0,1.001129082E1
8.841292917E-1,-1.110091553E0,-2.327958984E0,9.830956421E0,1.016363126E1
8.941542917E-1,-1.096769257E0,-2.318827972E0,9.818831635E0,1.014836542E1
9.041792917E-1,-1.102756805E0,-2.300565948E0,9.648336182E0,9.979933233E0
9.142042917E-1,-1.134341125E0,-2.295177155E0,9.512867889E0,9.851356426E0
9.242292917E-1,-1.139580231E0,-2.299817505E0,9.467063141E0,9.808827054E0
9.342532917E-1,-1.111438751E0,-2.309696960E0,9.404343567E0,9.747393194E0
9.442782917E-1,-1.107546844E0,-2.329455872E0,9.392817535E0,9.740536224E0
9.543032917E-1,-1.164428558E0,-2.374811554E0,9.481433258E0,9.843434381E0
9.643282917E-1,-1.202599182E0,-2.406994629E0,9.623637543E0,9.992710718E0
9.743532917E-1,-1.203946381E0,-2.434986420E0,9.734107819E0,1.010601310E1
9.843772917E-1,-1.201701050E0,-2.439626770E0,9.767488403E0,1.013901839E1
9.944022917E-1,-1.182989960E0,-2.454296265E0,9.776619415E0,1.014915379E1
1.004427292E0,-1.161434784E0,-2.427501984E0,9.752968597E0,1.011741534E1
1.014452292E0,-1.152004395E0,-2.372566223E0,9.720785522E0,1.007223192E1
1.024477292E0,-1.119222565E0,-2.314337311E0,9.642049255E0,9.978874194E0
1.034501292E0,-1.087787933E0,-2.235002289E0,9.547445984E0,9.865710448E0
1.044526292E0,-1.102756805E0,-2.160307617E0,9.509574738E0,9.814021258E0
1.054551292E0,-1.132245483E0,-2.115550690E0,9.537865906E0,9.835060782E0
1.064576292E0,-1.142274628E0,-2.111060028E0,9.606423340E0,9.901754145E0
1.074601292E0,-1.146615601E0,-2.164798279E0,9.622440033E0,9.929372141E0
1.084625292E0,-1.162183228E0,-2.225721588E0,9.570048981E0,9.893954919E0
1.094650292E0,-1.192719727E0,-2.298769684E0,9.511520691E0,9.857786174E0
1.104675292E0,-1.221609650E0,-2.363584900E0,9.519603882E0,9.884418131E0
1.114700292E0,-1.218615875E0,-2.411634979E0,9.561367035E0,9.935831495E0
1.124725292E0,-1.211580505E0,-2.428549805E0,9.572743378E0,9.950035038E0
1.134749292E0,-1.205892334E0,-2.437680817E0,9.558672638E0,9.938042397E0
1.144774292E0,-1.186732178E0,-2.465672607E0,9.483828278E0,9.870707850E0
1.154799292E0,-1.152603149E0,-2.501597900E0,9.439819794E0,9.833447199E0
1.164824292E0,-1.156195679E0,-2.486629028E0,9.498348083E0,9.886289935E0
1.174849292E0,-1.180295563E0,-2.451452179E0,9.584119720E0,9.962834246E0
1.184873292E0,-1.167572021E0,-2.424059143E0,9.576485596E0,9.947279202E0
1.194898292E0,-1.140628052E0,-2.404449921E0,9.547445984E0,9.911414460E0
1.204923292E0,-1.103954315E0,-2.392923889E0,9.542506256E0,9.899708355E0
1.214948292E0,-1.103654938E0,-2.316133575E0,9.629176025E0,9.965117154E0
1.224973292E0,-1.125060425E0,-2.269131317E0,9.761351166E0,1.008457706E1
1.234997292E0,-1.094523926E0,-2.294728088E0,9.754016418E0,1.007991051E1
1.245022292E0,-1.028062134E0,-2.303559723E0,9.609566803E0,9.935143345E0
1.255047292E0,-1.053359528E0,-2.294578400E0,9.491462402E0,9.821533224E0
1.265072292E0,-1.148860931E0,-2.256407776E0,9.571396179E0,9.900650600E0
1.275097292E0,-1.280137939E0,-2.255509644E0,9.798324280E0,1.013574051E1
1.285121292E0,-1.358874207E0,-2.255809021E0,9.867929535E0,1.021328775E1
1.295146292E0,-1.391356659E0,-2.224075012E0,9.832453308E0,1.017641986E1
1.305171292E0,-1.391506348E0,-2.248923340E0,9.770631866E0,1.012221286E1
1.315196292E0,-1.342707825E0,-2.291434937E0,9.694140930E0,1.005136343E1
1.325221292E0,-1.269360352E0,-2.315983887E0,9.665251007E0,1.001958752E1
1.335245292E0,-1.189725952E0,-2.313588867E0,9.626182251E0,9.971535790E0
1.345270292E0,-1.156794434E0,-2.284848633E0,9.680219879E0,1.001325939E1
1.355295292E0,-1.151405640E0,-2.265688477E0,9.753717041E0,1.007938864E1
1.365320292E0,-1.123413849E0,-2.255659332E0,9.658215637E0,9.981542315E0
1.375345292E0,-1.104702759E0,-2.278561707E0,9.453441467E0,9.786713811E0
1.385369292E0,-1.096320190E0,-2.318079529E0,9.335187378E0,9.680967619E0
1.395394292E0,-1.125210114E0,-2.359543304E0,9.502090302E0,9.855113521E0
1.405419292E0,-1.178199921E0,-2.453697510E0,9.775571594E0,1.014744236E1
1.415444292E0,-1.229094086E0,-2.551294556E0,9.841434631E0,1.024078180E1
1.425469292E0,-1.226549377E0,-2.619253235E0,9.702673187E0,1.012456309E1
1.435493292E0,-1.191222839E0,-2.649789734E0,9.607022095E0,1.003669622E1
1.445518292E0,-1.151854706E0,-2.648891602E0,9.513167267E0,9.942019283E0
1.455543292E0,-1.108894043E0,-2.619402924E0,9.386829987E0,9.808338028E0
1.465568292E0,-1.105600891E0,-2.592758331E0,9.403295746E0,9.816655234E0
1.475593292E0,-1.148112488E0,-2.591860199E0,9.468560028E0,9.883801424E0
1.485617292E0,-1.173559570E0,-2.643652496E0,9.422156525E0,9.856123688E0
1.495642292E0,-1.204096069E0,-2.728226624E0,9.367370453E0,9.830600035E0
1.505667292E0,-1.207089844E0,-2.850522308E0,9.477391663E0,9.970130192E0
1.515692292E0,-1.196162567E0,-2.988385620E0,9.433981934E0,9.968012271E0
1.525717292E0,-1.281934204E0,-3.037483521E0,9.498048706E0,1.005398382E1
1.535741292E0,-1.286424866E0,-3.068169708E0,9.851763153E0,1.039835523E1
1.545766292E0,-1.122216339E0,-3.113226013E0,9.988728333E0,1.052265363E1
1.555791292E0,-1.090931396E0,-3.068020020E0,9.807754669E0,1.033416324E1
1.565816292E0,-1.225052490E0,-2.928959198E0,9.658065948E0,1.016650350E1
1.575841292E0,-1.331331482E0,-2.771336975E0,9.570947113E0,1.005265044E1
1.585866292E0,-1.346150665E0,-2.635419617E0,9.356443176E0,9.813286253E0
1.595890292E0,-1.347048798E0,-2.551893311E0,9.296867065E0,9.734394545E0
1.605915292E0,-1.376387787E0,-2.458188171E0,9.386081543E0,9.799778526E0
1.615940292E0,-1.381626892E0,-2.334844666E0,9.496851196E0,9.876769468E0
1.625965292E0,-1.326840820E0,-2.236798553E0,9.583221588E0,9.929849462E0
1.635990292E0,-1.259331207E0,-2.199226685E0,9.522148590E0,9.853619988E0
1.646014292E0,-1.228195953E0,-2.181413727E0,9.488019562E0,9.812723697E0
1.656039292E0,-1.244512024E0,-2.187700653E0,9.499545593E0,9.827319614E0
1.666064292E0,-1.237626343E0,-2.210303650E0,9.470655670E0,9.803595259E0
1.676089292E0,-1.229992218E0,-2.261347504E0,9.505982208E0,9.848363881E0
1.686114292E0,-1.216969299E0,-2.342029724E0,9.479636993E0,9.840205030E0
1.696138292E0,-1.204994202E0,-2.405048676E0,9.431137848E0,9.807274405E0
1.706163292E0,-1.206042023E0,-2.449356537E0,9.481133881E0,9.866396732E0
1.716188292E0,-1.191821594E0,-2.472109222E0,9.581874390E0,9.967150021E0
1.726213292E0,-1.145418091E0,-2.475102997E0,9.662257233E0,1.003978746E1
1.736238292E0,-1.094972992E0,-2.478246460E0,9.682764587E0,1.005468057E1
1.746262292E0,-1.059047699E0,-2.454595642E0,9.639953613E0,1.000376566E1
1.756287292E0,-1.071771240E0,-2.421963501E0,9.623787231E0,9.981577103E0
1.766312292E0,-1.082698517E0,-2.351160736E0,9.647737427E0,9.988945407E0
1.776337292E0,-1.055155792E0,-2.286195831E0,9.566755829E0,9.892566008E0
1.786362292E0,-1.033899994E0,-2.247276764E0,9.484427032E0,9.801712003E0
1.796386292E0,-1.032552795E0,-2.212249603E0,9.451345825E0,9.761565012E0
1.806411292E0,-1.045276337E0,-2.188299408E0,9.522447968E0,9.826406882E0
1.816436292E0,-1.064286804E0,-2.176623688E0,9.581724701E0,9.883311455E0
1.826461292E0,-1.089284821E0,-2.195035400E0,9.576485596E0,9.885028993E0
1.836486292E0,-1.100062408E0,-2.236948242E0,9.541308746E0,9.861574283E0
1.846510292E0,-1.092577972E0,-2.264191589E0,9.555529175E0,9.880709893E0
1.856535292E0,-1.141226807E0,-2.302062836E0,9.714648285E0,1.004869560E1
1.866560292E0,-1.177002411E0,-2.330653381E0,9.770781555E0,1.011362705E1
1.876585292E0,-1.183439026E0,-2.352807312E0,9.723779297E0,1.007413093E1
1.886610292E0,-1.197210388E0,-2.337838440E0,9.683063965E0,1.003297209E1
1.896634292E0,-1.179397430E0,-2.306104431E0,9.678872681E0,1.001946467E1
1.906659292E0,-1.155896301E0,-2.246079254E0,9.657766571E0,9.982656130E0
1.916684292E0,-1.149010620E0,-2.147733765E0,9.628128204E0,9.931457015E0
1.926709292E0,-1.163231049E0,-2.069596252E0,9.597891083E0,9.887155726E0
1.936734292E0,-1.164877625E0,-2.056124268E0,9.542655945E0,9.830913964E0
1.946758292E0,-1.166973267E0,-2.084565125E0,9.509425049E0,9.804917293E0
1.956783292E0,-1.189576263E0,-2.152074738E0,9.561816101E0,9.872934949E0
1.966808292E0,-1.207688599E0,-2.227068787E0,9.633666687E0,9.961218850E0
1.976833292E0,-1.191971283E0,-2.299518127E0,9.623188477E0,9.965657811E0
1.986858292E0,-1.186881866E0,-2.358794861E0,9.595795441E0,9.952481696E0
1.996882292E0,-1.198856964E0,-2.385888519E0,9.580377502E0,9.945519350E0
2.006907292E0,-1.192869415E0,-2.382146301E0,9.572444000E0,9.936258983E0
2.016932292E0,-1.194515991E0,-2.372266846E0,9.625733185E0,9.985452308E0
2.026957292E0,-1.184337158E0,-2.383942566E0,9.643845520E0,1.000447865E1
2.036982292E0,-1.183588715E0,-2.389630737E0,9.559720459E0,9.924690049E0
2.047006292E0,-1.188827820E0,-2.366428986E0,9.494306488E0,9.856731376E0
2.057031292E0,-1.177002411E0,-2.345771942E0,9.512269135E0,9.867686901E0
2.067056292E0,-1.153501282E0,-2.323767700E0,9.517657928E0,9.864901113E0
2.077081292E0,-1.176703033E0,-2.307002563E0,9.541907501E0,9.887107242E0
2.087106292E0,-1.209484863E0,-2.290985870E0,9.637857971E0,9.979968746E0
2.097130292E0,-1.205592957E0,-2.289638672E0,9.677525482E0,1.001750463E1
2.107155292E0,-1.190324707E0,-2.302661591E0,9.618997192E0,9.962139845E0
2.117180292E0,-1.178948364E0,-2.312690735E0,9.556427307E0,9.902714807E0
2.127205292E0,-1.180744629E0,-2.302212524E0,9.539811859E0,9.884449944E0
2.137230292E0,-1.203796692E0,-2.295027466E0,9.503287811E0,9.850317597E0
2.147254292E0,-1.240919495E0,-2.292333069E0,9.402547302E0,9.757180323E0
2.157279292E0,-1.244811401E0,-2.286495209E0,9.352251892E0,9.707843799E0
2.167304292E0,-1.217568054E0,-2.297272797E0,9.485025787E0,9.834919850E0
2.177329292E0,-1.188977509E0,-2.329755249E0,9.516310730E0,9.869224739E0
2.187354292E0,-1.187630310E0,-2.355801086E0,9.448352051E0,9.809771709E0
2.197378292E0,-1.122066650E0,-2.435285797E0,9.608968048E0,9.976067233E0
2.207403292E0,-1.084494781E0,-2.452350311E0,9.897268524E0,1.025407603E1
2.217428292E0,-1.055305481E0,-2.334096222E0,9.838740234E0,1.016673420E1
2.227453292E0,-1.203048248E0,-2.233056335E0,9.708361359E0,1.003424865E1
2.237478292E0,-1.217867432E0,-2.158062286E0,9.602381744E0,9.916963703E0
2.247502292E0,-1.227746887E0,-2.117646332E0,9.587861938E0,9.895397160E0
2.257527292E0,-1.238674164E0,-2.083816681E0,9.637259216E0,9.937473061E0
2.267552292E0,-1.171014862E0,-2.056273956E0,9.671837311E0,9.957106776E0
2.277577292E0,-1.124311981E0,-2.036964111E0,9.681567078E0,9.957210518E0
2.287602292E0,-1.081351318E0,-2.032024384E0,9.635612640E0,9.906738854E0
2.297626292E0,-1.071920929E0,-2.082619171E0,9.565408630E0,9.848012965E0
2.307651292E0,-1.084045715E0,-2.142943726E0,9.596094818E0,9.892037135E0
2.317676292E0,-1.119072876E0,-2.225122833E0,9.638606415E0,9.955211165E0
2.327701292E0,-1.141825562E0,-2.306703186E0,9.646689606E0,9.984150718E0
2.337726292E0,-1.159488831E0,-2.363135834E0,9.658065948E0,1.001034781E1
2.347751292E0,-1.167721710E0,-2.390229492E0,9.652826843E0,1.001268381E1
2.357775292E0,-1.162632294E0,-2.398761749E0,9.665251007E0,1.002610836E1
2.367800292E0,-1.152902527E0,-2.403402100E0,9.672436066E0,1.003302274E1
2.377825292E0,-1.150806885E0,-2.389930115E0,9.635163574E0,9.993622944E0
2.387850292E0,-1.144370270E0,-2.363734589E0,9.551936646E0,9.906377653E0
2.397874292E0,-1.152303772E0,-2.357447662E0,9.505233765E0,9.860772403E0
2.407899292E0,-1.192719727E0,-2.354902954E0,9.565109253E0,9.922674201E0
2.417924417E0,-1.209933929E0,-2.365081787E0,9.640851746E0,1.000017872E1
2.427949417E0,-1.230590973E0,-2.385439453E0,9.649384003E0,1.001575195E1
2.437974417E0,-1.267414398E0,-2.383643188E0,9.628726959E0,1.000002385E1
2.447999417E0,-1.249751129E0,-2.362387390E0,9.586215363E0,9.951797679E0
2.458023417E0,-1.234931946E0,-2.356549530E0,9.542206879E0,9.906164480E0
2.468048417E0,-1.200802917E0,-2.343825989E0,9.470056915E0,9.829416356E0
2.478073417E0,-1.212478638E0,-2.340832214E0,9.411378937E0,9.773620281E0
2.488098417E0,-1.233285370E0,-2.367177429E0,9.435029755E0,9.805320406E0
2.498123417E0,-1.177451477E0,-2.388732605E0,9.469607849E0,9.836966415E0
2.508147417E0,-1.147513733E0,-2.409539337E0,9.544152832E0,9.910273501E0
2.518172417E0,-1.188977509E0,-2.450554047E0,9.663754120E0,1.004027023E1
2.528197417E0,-1.212478638E0,-2.486030273E0,9.685608673E0,1.007280826E1
2.538222417E0,-1.234183502E0,-2.485880585E0,9.622589722E0,1.001484119E1
2.548247417E0,-1.223705292E0,-2.462229767E0,9.545949097E0,9.934041183E0
2.558271417E0,-1.209933929E0,-2.423610077E0,9.530680847E0,9.908163469E0
2.568296417E0,-1.183888092E0,-2.379002838E0,9.582323456E0,9.943951344E0
2.578321417E0,-1.162033539E0,-2.346370697E0,9.612859955E0,9.963074521E0
2.588346417E0,-1.154848480E0,-2.327360229E0,9.613758087E0,9.958645752E0
2.598371417E0,-1.157991943E0,-2.333347778E0,9.605375519E0,9.952321139E0
2.608395417E0,-1.179098053E0,-2.344873810E0,9.623936920E0,9.975413137E0
2.618420417E0,-1.189725952E0,-2.365081787E0,9.591005402E0,9.949695690E0
2.628445417E0,-1.204694824E0,-2.403551788E0,9.543853455E0,9.915315909E0
2.638470417E0,-1.190025330E0,-2.412084045E0,9.531429291E0,9.903658620E0
2.648495417E0,-1.185834045E0,-2.404000854E0,9.535919952E0,9.905513204E0
2.658519417E0,-1.174607391E0,-2.401156769E0,9.537267151E0,9.904782737E0
2.668544417E0,-1.186732178E0,-2.396067352E0,9.562265167E0,9.929067788E0
2.678569417E0,-1.181792450E0,-2.374063110E0,9.592352600E0,9.952187571E0
2.688594417E0,-1.170865173E0,-2.349065094E0,9.627080383E0,9.978462245E0
2.698619417E0,-1.165177002E0,-2.315385132E0,9.614955597E0,9.958213539E0
2.708643417E0,-1.153351593E0,-2.293231201E0,9.604477386E0,9.941585141E0
2.718668417E0,-1.151555328E0,-2.276615753E0,9.616901550E0,9.949565538E0
2.728693417E0,-1.152154083E0,-2.265538788E0,9.624535675E0,9.954487028E0
2.738718417E0,-1.147064667E0,-2.282603302E0,9.605525208E0,9.939424012E0
2.748743417E0,-1.149309998E0,-2.302212524E0,9.586664429E0,9.925987651E0
2.758767417E0,-1.153650970E0,-2.325414276E0,9.584568787E0,9.929875173E0
2.768792417E0,-1.176253967E0,-2.345472565E0,9.590855713E0,9.943305700E0
2.778817417E0,-1.187181244E0,-2.371518402E0,9.590406647E0,9.950346652E0
2.788842417E0,-1.198258209E0,-2.368374939E0,9.587113495E0,9.947751894E0
2.798867417E0,-1.194515991E0,-2.368524628E0,9.591753845E0,9.951809845E0
2.808891417E0,-1.187630310E0,-2.367177429E0,9.570198669E0,9.929889088E0
2.818916417E0,-1.176403656E0,-2.363584900E0,9.559570770E0,9.917451913E0
2.828941417E0,-1.197659454E0,-2.361189880E0,9.524094543E0,9.885240649E0
2.838966417E0,-1.206191711E0,-2.354004822E0,9.552236023E0,9.911682510E0
2.848991417E0,-1.207838287E0,-2.371967468E0,9.597142639E0,9.959430196E0
2.859015417E0,-1.218615875E0,-2.383493500E0,9.624984741E0,9.990315169E0
2.869040417E0,-1.225950623E0,-2.410138092E0,9.617649994E0,9.990541124E0
2.879065417E0,-1.216669922E0,-2.417173462E0,9.592502289E0,9.966900893E0
2.889090417E0,-1.193917236E0,-2.423610077E0,9.580527191E0,9.954186327E0
2.899115417E0,-1.167721710E0,-2.409539337E0,9.567055206E0,9.934686665E0
2.909139417E0,-1.159638519E0,-2.392325134E0,9.567204895E0,9.929722582E0
2.919164417E0,-1.168919220E0,-2.382595367E0,9.585466919E0,9.946070022E0
2.929189417E0,-1.173260193E0,-2.361189880E0,9.601333923E0,9.956775092E0
2.939214417E0,-1.183139648E0,-2.357597351E0,9.595046997E0,9.951030679E0
2.949239417E0,-1.190025330E0,-2.358196106E0,9.577234039E0,9.934820633E0
2.959263417E0,-1.188827820E0,-2.382595367E0,9.575737152E0,9.939054999E0
2.969288417E0,-1.181642761E0,-2.386337585E0,9.564061432E0,9.927847589E0
2.979313417E0,-1.174457703E0,-2.389031982E0,9.545350342E0,9.909618452E0
2.989338417E0,-1.182690582E0,-2.379152527E0,9.546098785E0,9.908941708E0
2.999363417E0,-1.190624084E0,-2.365979919E0,9.594148865E0,9.953046726E0
3.009387417E0,-1.191073151E0,-2.366728363E0,9.673483887E0,1.002977312E1
3.019412417E0,-1.173559570E0,-2.365231476E0,9.663155365E0,1.001739156E1
3.029437417E0,-1.159937897E0,-2.338586884E0,9.560169525E0,9.910160740E0
3.039462417E0,-1.151555328E0,-2.296374664E0,9.490713959E0,9.832246321E0
3.049487417E0,-1.160386963E0,-2.286345520E0,9.523046722E0,9.862164702E0
3.059511417E0,-1.148860931E0,-2.308948517E0,9.596244507E0,9.936751649E0
3.069536417E0,-1.131946106E0,-2.317181396E0,9.706265717E0,1.004301876E1
3.079561417E0,-1.133742371E0,-2.339934082E0,9.647138672E0,9.991393688E0
3.089586417E0,-1.185384979E0,-2.370021515E0,9.455237732E0,9.819554985E0
3.099611417E0,-1.204245758E0,-2.395318909E0,9.519304504E0,9.889636938E0
3.109636417E0,-1.139430542E0,-2.498753815E0,9.613159332E0,9.997744992E0
3.119660417E0,-1.096469879E0,-2.529739380E0,9.529333649E0,9.920182827E0
3.129685417E0,-1.197958832E0,-2.439477081E0,9.550290070E0,9.929460922E0
3.139710417E0,-1.223854980E0,-2.357747040E0,9.721683655E0,1.007809135E1
3.149735417E0,-1.174008636E0,-2.291884003E0,9.715247040E0,1.005072403E1
3.159759417E0,-1.215622101E0,-2.265089722E0,9.628726959E0,9.965979701E0
3.169784417E0,-1.225501556E0,-2.240690460E0,9.600585480E0,9.934474790E0
3.179809417E0,-1.193468170E0,-2.222129059E0,9.553134155E0,9.880515979E0
3.189834417E0,-1.188079376E0,-2.220332794E0,9.531279602E0,9.858331561E0
3.199859417E0,-1.185834045E0,-2.245181122E0,9.554780731E0,9.886398509E0
3.209884417E0,-1.177601166E0,-2.264191589E0,9.602082367E0,9.935456398E0
3.219908417E0,-1.176104279E0,-2.295626221E0,9.621092834E0,9.960850784E0
3.229933417E0,-1.193168793E0,-2.343077545E0,9.569749603E0,9.924402834E0
3.239958417E0,-1.215622101E0,-2.395618286E0,9.528734894E0,9.900177410E0
3.249983417E0,-1.220861206E0,-2.436183929E0,9.544152832E0,9.925540162E0
3.260008417E0,-1.216819611E0,-2.465822296E0,9.606872406E0,9.992643644E0
3.270032417E0,-1.198258209E0,-2.463876343E0,9.610015869E0,9.992943229E0
3.280057417E0,-1.173260193E0,-2.451003113E0,9.595795441E0,9.973126184E0
3.290082417E0,-1.151555328E0,-2.438578949E0,9.607770538E0,9.979078198E0
3.300107417E0,-1.142124939E0,-2.409689026E0,9.587113495E0,9.951070080E0
3.310132417E0,-1.137634277E0,-2.378104706E0,9.546697540E0,9.903990492E0
3.320156417E0,-1.135838013E0,-2.342778168E0,9.544901276E0,9.893628146E0
3.330181417E0,-1.154848480E0,-2.311642914E0,9.577982483E0,9.920439326E0
3.340206417E0,-1.172062683E0,-2.298769684E0,9.602531433E0,9.943172679E0
3.350231417E0,-1.192719727E0,-2.320175171E0,9.598938904E0,9.947131308E0
3.360256417E0,-1.181642761E0,-2.351609802E0,9.551038513E0,9.907001815E0
3.370280417E0,-1.177451477E0,-2.367925873E0,9.555379486E0,9.914572207E0
3.380305417E0,-1.190324707E0,-2.410287781E0,9.641001434E0,1.000875960E1
3.390330417E0,-1.181642761E0,-2.458786926E0,9.669591980E0,1.004703547E1
3.400355417E0,-1.129551086E0,-2.475102997E0,9.578132172E0,9.957039540E0
3.410380417E0,-1.115330658E0,-2.461181946E0,9.480086060E0,9.857657467E0
3.420404125E0,-1.141226807E0,-2.433339844E0,9.480984192E0,9.854572678E0
3.430429125E0,-1.172661438E0,-2.411036224E0,9.550739136E0,9.919921802E0
3.440454125E0,-1.190324707E0,-2.375859375E0,9.603130188E0,9.964019775E0
3.450479125E0,-1.190624084E0,-2.325863342E0,9.632319489E0,9.980421070E0
3.460504125E0,-1.202599182E0,-2.299368439E0,9.647737427E0,9.990604459E0
3.470528125E0,-1.192270660E0,-2.269580383E0,9.669142914E0,1.000324093E1
3.480553125E0,-1.183439026E0,-2.261946259E0,9.651629333E0,9.983530317E0
3.490578125E0,-1.181792450E0,-2.279160461E0,9.611662445E0,9.948631100E0
3.500603125E0,-1.180145874E0,-2.297123108E0,9.554032288E0,9.896921330E0
3.510628125E0,-1.172661438E0,-2.309696960E0,9.547296295E0,9.892456795E0
3.520652125E0,-1.178499298E0,-2.343077545E0,9.577982483E0,9.930590185E0
3.530677125E0,-1.190025330E0,-2.370769958E0,9.608968048E0,9.968398940E0
3.540702125E0,-1.198407898E0,-2.385140076E0,9.628277893E0,9.991436826E0
3.550727125E0,-1.194366302E0,-2.401306458E0,9.649683380E0,1.001544672E1
3.560752125E0,-1.183139648E0,-2.417622528E0,9.618697815E0,9.988196322E0
3.570776125E0,-1.168619843E0,-2.396366730E0,9.567055206E0,9.931605669E0
3.580801125E0,-1.157542877E0,-2.373314667E0,9.557774506E0,9.915824803E0
3.590826125E0,-1.155596924E0,-2.349214783E0,9.556127930E0,9.908269039E0
3.600851125E0,-1.160536652E0,-2.346071320E0,9.560319214E0,9.912144038E0
3.610876125E0,-1.177152100E0,-2.368524628E0,9.564809875E0,9.923768636E0
3.620900125E0,-1.183738403E0,-2.384241943E0,9.593699799E0,9.956149963E0
3.630925125E0,-1.188378754E0,-2.390828247E0,9.602082367E0,9.966357888E0
3.640950125E0,-1.184786224E0,-2.397564240E0,9.604627075E0,9.969999696E0
3.650975125E0,-1.175655212E0,-2.406844940E0,9.619895325E0,9.985862697E0
3.661000125E0,-1.180295563E0,-2.409239960E0,9.618099060E0,9.985257349E0
3.671024125E0,-1.164428558E0,-2.402653656E0,9.632618866E0,9.995798351E0
3.681049125E0,-1.155297546E0,-2.402803345E0,9.600435791E0,9.963761524E0
3.691074125E0,-1.150657196E0,-2.405797119E0,9.558223572E0,9.923281192E0
3.701099125E0,-1.141226807E0,-2.395468597E0,9.539662170E0,9.901809065E0
3.711124125E0,-1.138382721E0,-2.376009064E0,9.528435516E0,9.885970750E0
3.721148125E0,-1.137185211E0,-2.383942566E0,9.499545593E0,9.859905620E0
3.731173125E0,-1.151255951E0,-2.367177429E0,9.498797150E0,9.856777695E0
3.741198125E0,-1.177002411E0,-2.354603577E0,9.559570770E0,9.915386326E0
3.751223125E0,-1.181343384E0,-2.352807312E0,9.671837311E0,1.002375735E1
3.761248125E0,-1.160985718E0,-2.356848907E0,9.705068207E0,1.005440070E1
3.771272125E0,-1.164877625E0,-2.339035950E0,9.650581512E0,9.998087446E0
3.781297125E0,-1.192570038E0,-2.335892487E0,9.525292053E0,9.879767492E0
3.791322125E0,-1.198108521E0,-2.326462097E0,9.436077576E0,9.792213740E0
3.801347125E0,-1.178050232E0,-2.322420502E0,9.643995209E0,9.989398527E0
3.811372125E0,-1.167422333E0,-2.336640930E0,9.752519531E0,1.009625688E1
3.821396125E0,-1.191522217E0,-2.365081787E0,9.452243958E0,9.816223963E0
3.831421125E0,-1.210682373E0,-2.405497742E0,9.445507965E0,9.821903681E0
3.841446125E0,-1.175505524E0,-2.421813812E0,9.631121979E0,1.000027529E1
3.851471125E0,-1.128503265E0,-2.504292297E0,9.606423340E0,9.991414760E0
3.861496125E0,-1.116827545E0,-2.477048950E0,9.491612091E0,9.872880803E0
3.871520125E0,-1.218765564E0,-2.399510193E0,9.626182251E0,9.995320075E0
3.881545125E0,-1.216819611E0,-2.307601318E0,9.764644318E0,1.010712385E1
3.891570125E0,-1.193019104E0,-2.250719604E0,9.683962097E0,1.001339878E1
3.901595125E0,-1.230441284E0,-2.262994080E0,9.613608398E0,9.952717940E0
3.911620125E0,-1.242266693E0,-2.265538788E0,9.589059448E0,9.931060046E0
3.921644125E0,-1.208287354E0,-2.250270538E0,9.573192444E0,9.908061838E0
3.931669125E0,-1.177451477E0,-2.263742523E0,9.551936646E0,9.886880998E0
3.941694125E0,-1.167272644E0,-2.281256104E0,9.559570770E0,9.897072706E0
3.951719125E0,-1.160686340E0,-2.306104431E0,9.613458710E0,9.954089551E0
3.961744125E0,-1.178199921E0,-2.343227234E0,9.611213379E0,9.962644806E0
3.971769125E0,-1.193318481E0,-2.393522644E0,9.553134155E0,9.920450183E0
3.981793125E0,-1.181642761E0,-2.422412567E0,9.517208862E0,9.891492647E0
3.991818125E0,-1.164877625E0,-2.458637238E0,9.538913727E0,9.919310058E0
4.001843125E0,-1.151106262E0,-2.459685059E0,9.584419098E0,9.961736077E0
4.011868125E0,-1.141975250E0,-2.450703735E0,9.639953613E0,1.001193098E1
4.021893125E0,-1.142873383E0,-2.440075836E0,9.644444275E0,1.001376228E1
4.031917125E0,-1.141526184E0,-2.416874084E0,9.621691589E0,9.986055849E0
4.041942125E0,-1.146615601E0,-2.390678558E0,9.593101044E0,9.952771420E0
4.051967125E0,-1.138831787E0,-2.359393616E0,9.599986725E0,9.951051261E0
4.061992125E0,-1.150507507E0,-2.335144043E0,9.582622833E0,9.929915689E0
4.072017125E0,-1.155896301E0,-2.328557739E0,9.563762054E0,9.910793209E0
4.082041125E0,-1.170266418E0,-2.335144043E0,9.550589447E0,9.901322133E0
4.092066125E0,-1.169218597E0,-2.352807312E0,9.523645477E0,9.879402692E0
4.102091125E0,-1.156944122E0,-2.368524628E0,9.502689056E0,9.861517526E0
4.112116125E0,-1.171763306E0,-2.381846924E0,9.594747620E0,9.955169808E0
4.122141125E0,-1.183888092E0,-2.409389648E0,9.668394470E0,1.003417167E1
4.132165125E0,-1.177451477E0,-2.421664124E0,9.620643768E0,9.990377151E0
4.142190125E0,-1.110091553E0,-2.439926147E0,9.521849213E0,9.891974287E0
4.152215125E0,-1.112935638E0,-2.424358521E0,9.553134155E0,9.918594263E0
4.162240125E0,-1.134341125E0,-2.404000854E0,9.608219604E0,9.969144089E0
4.172265125E0,-1.160686340E0,-2.374063110E0,9.621541901E0,9.977847312E0
4.182289125E0,-1.170116730E0,-2.337838440E0,9.599387970E0,9.949015586E0
4.192314125E0,-1.178948364E0,-2.305355988E0,9.579329681E0,9.923111539E0
4.202339125E0,-1.183588715E0,-2.281705170E0,9.603878632E0,9.941908544E0
4.212364125E0,-1.191821594E0,-2.268083496E0,9.613009644E0,9.948597683E0
4.222389125E0,-1.186432800E0,-2.272424469E0,9.602980499E0,9.939254008E0
4.232413125E0,-1.183139648E0,-2.300865326E0,9.605974274E0,9.948293443E0
4.242438125E0,-1.184037781E0,-2.323318634E0,9.595046997E0,9.943072051E0
4.252463125E0,-1.184037781E0,-2.340981903E0,9.609117737E0,9.960787389E0
4.262488125E0,-1.191222839E0,-2.364782410E0,9.628577271E0,9.986025633E0
4.272513125E0,-1.194066925E0,-2.380799103E0,9.612111511E0,9.974301374E0
4.282537125E0,-1.192570038E0,-2.391726379E0,9.600286102E0,9.965343527E0
4.292562125E0,-1.189127197E0,-2.390678558E0,9.598938904E0,9.963382736E0
4.302587125E0,-1.195114746E0,-2.374811554E0,9.588011627E0,9.949773673E0
4.312612125E0,-1.188378754E0,-2.361638947E0,9.549691315E0,9.908894327E0
4.322637125E0,-1.191522217E0,-2.359842682E0,9.564061432E0,9.922693876E0
4.332661125E0,-1.178499298E0,-2.360890503E0,9.570048981E0,9.927159818E0
4.342686125E0,-1.169817352E0,-2.371069336E0,9.573042755E0,9.931444508E0
4.352711125E0,-1.172661438E0,-2.372117157E0,9.576934662E0,9.935781407E0
4.362736125E0,-1.169218597E0,-2.370021515E0,9.602232056E0,9.959263756E0
4.372761125E0,-1.166673889E0,-2.379302216E0,9.605375519E0,9.964208240E0
4.382785125E0,-1.165775757E0,-2.387535095E0,9.560768280E0,9.923086569E0
4.392810125E0,-1.162183228E0,-2.396815796E0,9.542356567E0,9.907167338E0
4.402835125E0,-1.163829803E0,-2.396217041E0,9.571695557E0,9.935477429E0
4.412861000E0,-1.171463928E0,-2.389630737E0,9.617200928E0,9.978638007E0
4.422886000E0,-1.166224823E0,-2.398911438E0,9.625433807E0,9.988184640E0
4.432910000E0,-1.162033539E0,-2.388133850E0,9.596094818E0,9.956833884E0
4.442935000E0,-1.163829803E0,-2.373913422E0,9.568851471E0,9.927380481E0
4.452960000E0,-1.171613617E0,-2.352957001E0,9.596693573E0,9.950156413E0
4.462985000E0,-1.149908752E0,-2.343077545E0,9.586215363E0,9.935181302E0
4.473010000E0,-1.158291321E0,-2.331850891E0,9.562714233E0,9.910836033E0
4.483034000E0,-1.168470154E0,-2.330503693E0,9.549691315E0,9.899150174E0
4.493059000E0,-1.171463928E0,-2.329755249E0,9.569450226E0,9.918390236E0
4.503084000E0,-1.174158325E0,-2.328408051E0,9.582173767E0,9.930668957E0
4.513109000E0,-1.165925446E0,-2.332898712E0,9.590556335E0,9.938841450E0
4.523134000E0,-1.155746613E0,-2.334245911E0,9.604477386E0,9.951403925E0
4.533158000E0,-1.145867157E0,-2.338886261E0,9.606722717E0,9.953518064E0
4.543183000E0,-1.160386963E0,-2.356998596E0,9.610015869E0,9.962647504E0
4.553208000E0,-1.167572021E0,-2.377206573E0,9.580078125E0,9.939428173E0
4.563233000E0,-1.178199921E0,-2.371518402E0,9.596394196E0,9.955050785E0
4.573258000E0,-1.179846497E0,-2.380350037E0,9.584868164E0,9.946245612E0
4.583282000E0,-1.191073151E0,-2.366728363E0,9.565258942E0,9.925433845E0
4.593307000E0,-1.194216614E0,-2.368225250E0,9.581275635E0,9.941603842E0
4.603332000E0,-1.180145874E0,-2.381846924E0,9.603429565E0,9.964527007E0
4.613357000E0,-1.177152100E0,-2.379302216E0,9.592352600E0,9.952888752E0
4.623382000E0,-1.160087585E0,-2.395468597E0,9.549092560E0,9.913084370E0
4.633406000E0,-1.166673889E0,-2.395169220E0,9.512568512E0,9.878609378E0
4.643431000E0,-1.184337158E0,-2.395019531E0,9.540709991E0,9.907770698E0
4.653456000E0,-1.199904785E0,-2.394720154E0,9.625583496E0,9.991311913E0
4.663481000E0,-1.178050232E0,-2.387834473E0,9.643097076E0,1.000394307E1
4.673506000E0,-1.173409882E0,-2.371967468E0,9.609866180E0,9.967579868E0
4.683530000E0,-1.207688599E0,-2.354603577E0,9.622589722E0,9.979824783E0
4.693555000E0,-1.228345642E0,-2.332599335E0,9.543853455E0,9.901262113E0
4.703580000E0,-1.213376770E0,-2.317480774E0,9.505682831E0,9.859057075E0
4.713605000E0,-1.176403656E0,-2.318378906E0,9.636660461E0,9.981183856E0
4.723630000E0,-1.182391205E0,-2.361788635E0,9.520052948E0,9.879650938E0
4.733654000E0,-1.213077393E0,-2.400408325E0,9.452393646E0,9.827576636E0
4.743679000E0,-1.159638519E0,-2.421364746E0,9.610914001E0,9.978849466E0
4.753704000E0,-1.100960541E0,-2.502795410E0,9.630223846E0,1.001085962E1
4.763729000E0,-1.122815094E0,-2.461032257E0,9.566755829E0,9.941841409E0
4.773754000E0,-1.216370544E0,-2.361489258E0,9.715396729E0,1.007199694E1
4.783778000E0,-1.196611633E0,-2.264490967E0,9.820478210E0,1.014896995E1
4.793803000E0,-1.166075134E0,-2.188898163E0,9.654473419E0,9.967941783E0
4.803828000E0,-1.216969299E0,-2.181114349E0,9.521400146E0,9.843542799E0
4.813853000E0,-1.224304047E0,-2.180814972E0,9.479487305E0,9.803854033E0
4.823878000E0,-1.207538910E0,-2.198777618E0,9.475296021E0,9.801734944E0
4.833903000E0,-1.193917236E0,-2.212998047E0,9.492061157E0,9.819471663E0
4.843927000E0,-1.184337158E0,-2.241887970E0,9.544901276E0,9.875923073E0
4.853952000E0,-1.173110504E0,-2.258802795E0,9.658814392E0,9.988547131E0
4.863977000E0,-1.177900543E0,-2.280657349E0,9.792037354E0,1.012288710E1
4.874002000E0,-1.173709259E0,-2.327060852E0,9.687404938E0,1.003188019E1
4.884027000E0,-1.185235291E0,-2.399959259E0,9.474547577E0,9.845386682E0
4.894051000E0,-1.196461945E0,-2.459834747E0,9.414073334E0,9.803422102E0
4.904076000E0,-1.194515991E0,-2.485132141E0,9.517208862E0,9.908582883E0
4.914101000E0,-1.187929688E0,-2.474953308E0,9.643396454E0,1.002654806E1
4.924126000E0,-1.169068909E0,-2.458786926E0,9.674531708E0,1.005031935E1
4.934151000E0,-1.142574005E0,-2.445165253E0,9.648336182E0,1.001871746E1
4.944175000E0,-1.122665405E0,-2.425855408E0,9.677375793E0,1.003975868E1
4.954200000E0,-1.116528168E0,-2.389780426E0,9.673783264E0,1.002695209E1
4.964225000E0,-1.129700775E0,-2.335144043E0,9.591903534E0,9.936485040E0
4.974250000E0,-1.136137390E0,-2.275118866E0,9.533824310E0,9.867156632E0
4.984275000E0,-1.138981476E0,-2.257754974E0,9.527088318E0,9.856984739E0
4.994299000E0,-1.152453461E0,-2.266586609E0,9.519154816E0,9.852911866E0
5.004324000E0,-1.165775757E0,-2.288590851E0,9.542955322E0,9.882544079E0
5.014349000E0,-1.156495056E0,-2.327958984E0,9.547445984E0,9.894978457E0
5.024374000E0,-1.150806885E0,-2.374212799E0,9.567354584E0,9.924490749E0
5.034399000E0,-1.128952332E0,-2.428400116E0,9.624385986E0,9.990018324E0
5.044423000E0,-1.112636261E0,-2.450104980E0,9.668544159E0,1.003602112E1
5.054448000E0,-1.124012604E0,-2.466421051E0,9.636211395E0,1.001015520E1
5.064473000E0,-1.143771515E0,-2.459385681E0,9.596394196E0,9.972340385E0
5.074498000E0,-1.174607391E0,-2.407593384E0,9.567055206E0,9.935026610E0
5.084523000E0,-1.207389221E0,-2.302661591E0,9.590256958E0,9.936451462E0
5.094547000E0,-1.215173035E0,-2.190694427E0,9.663454742E0,9.982892624E0
5.104572000E0,-1.207389221E0,-2.094594269E0,9.701775055E0,9.998477539E0
5.114597000E0,-1.173409882E0,-2.062710571E0,9.701625366E0,9.987652397E0
5.124622000E0,-1.155147858E0,-2.072290649E0,9.668095093E0,9.954939369E0
5.134647000E0,-1.152004395E0,-2.120640106E0,9.608818359E0,9.907250822E0
5.144671000E0,-1.169068909E0,-2.169588318E0,9.563612366E0,9.876057769E0
5.154696000E0,-1.198108521E0,-2.226170654E0,9.586664429E0,9.914405412E0
5.164721000E0,-1.213526459E0,-2.261497192E0,9.616153107E0,9.952759245E0
5.174746000E0,-1.216370544E0,-2.307751007E0,9.595346375E0,9.943638371E0
5.184771000E0,-1.206491089E0,-2.343975677E0,9.577533417E0,9.933729867E0
5.194795000E0,-1.190474396E0,-2.369123383E0,9.566157074E0,9.926798882E0
5.204820000E0,-1.177451477E0,-2.384391632E0,9.579778748E0,9.942025764E0
5.214845000E0,-1.172212372E0,-2.407743073E0,9.583371277E0,9.950493132E0
5.224870000E0,-1.200503540E0,-2.415077820E0,9.587562561E0,9.959676977E0
5.234895000E0,-1.202449493E0,-2.421215057E0,9.591454468E0,9.965147563E0
5.244919000E0,-1.210682373E0,-2.427951050E0,9.620344391E0,9.995585241E0
5.254944000E0,-1.218915253E0,-2.428699493E0,9.622440033E0,9.998784317E0
5.264969000E0,-1.218166809E0,-2.423909454E0,9.560019836E0,9.937466815E0
5.274994000E0,-1.209484863E0,-2.437531128E0,9.508227539E0,9.889934407E0
5.285019000E0,-1.199904785E0,-2.447260895E0,9.495354309E0,9.878796022E0
5.295043000E0,-1.196162567E0,-2.457290039E0,9.524992676E0,9.909317065E0
5.305068000E0,-1.190025330E0,-2.474504242E0,9.553433533E0,9.940192342E0
5.315093000E0,-1.202449493E0,-2.492167511E0,9.556726685E0,9.949261712E0
5.325118000E0,-1.204844513E0,-2.494412842E0,9.571695557E0,9.964492037E0
5.335143000E0,-1.212179260E0,-2.475102997E0,9.566606140E0,9.955675087E0
5.345167000E0,-1.187779999E0,-2.448907471E0,9.565558319E0,9.945243842E0
5.355192000E0,-1.149759064E0,-2.404749298E0,9.557175751E0,9.921913798E0
5.365217000E0,-1.115630035E0,-2.368824005E0,9.531129913E0,9.884249843E0
5.375242000E0,-1.115330658E0,-2.359094238E0,9.558972015E0,9.908745334E0
5.385267000E0,-1.144370270E0,-2.349663849E0,9.606872406E0,9.956028372E0
5.395291000E0,-1.174308014E0,-2.350412292E0,9.624086609E0,9.976295921E0
5.405316000E0,-1.207239532E0,-2.357896729E0,9.668843536E0,1.002515035E1
5.415340625E0,-1.195264435E0,-2.365081787E0,9.667196960E0,1.002381993E1
5.425365625E0,-1.170266418E0,-2.335742798E0,9.613907776E0,9.962551914E0
5.435390625E0,-1.155896301E0,-2.317331085E0,9.609417114E0,9.952236778E0
5.445414625E0,-1.153950348E0,-2.295027466E0,9.604178009E0,9.941779906E0
5.455439625E0,-1.184486847E0,-2.272873535E0,9.480684814E0,9.821015617E0
5.465464625E0,-1.182540894E0,-2.257305908E0,9.500892792E0,9.836706602E0
5.475489625E0,-1.147513733E0,-2.266736298E0,9.624086609E0,9.953789442E0
5.485514625E0,-1.216071167E0,-2.318079529E0,9.484277344E0,9.838894172E0
5.495538625E0,-1.244811401E0,-2.409838715E0,9.561666412E0,9.938930659E0
5.505563625E0,-1.126407623E0,-2.514171753E0,9.736203461E0,1.011847378E1
5.515588625E0,-1.057251434E0,-2.509531403E0,9.618997192E0,9.997031332E0
5.525613625E0,-1.144370270E0,-2.472258911E0,9.539512482E0,9.920884327E0
5.535638625E0,-1.216669922E0,-2.403551788E0,9.653575287E0,1.002241801E1
5.545662625E0,-1.181044006E0,-2.337838440E0,9.643246765E0,9.992625365E0
5.555687625E0,-1.219813385E0,-2.312241669E0,9.568103027E0,9.918820584E0
5.565712625E0,-1.288221130E0,-2.293081512E0,9.583670654E0,9.938031984E0
5.575737625E0,-1.271306305E0,-2.274819489E0,9.619745636E0,9.966470264E0
5.585762625E0,-1.224004669E0,-2.271077271E0,9.601782990E0,9.942344592E0
5.595786625E0,-1.196461945E0,-2.297272797E0,9.553283844E0,9.898192547E0
5.605811625E0,-1.182241516E0,-2.324216766E0,9.551337891E0,9.900895620E0
5.615836625E0,-1.194216614E0,-2.357896729E0,9.617799683E0,9.974362187E0
5.625861625E0,-1.189276886E0,-2.395618286E0,9.631870422E0,9.996314037E0
5.635886625E0,-1.190474396E0,-2.434237976E0,9.595196686E0,9.970483602E0
5.645910625E0,-1.188827820E0,-2.486629028E0,9.543554077E0,9.933582432E0
5.655935625E0,-1.178648987E0,-2.515219574E0,9.528285828E0,9.924906738E0
5.665960625E0,-1.172212372E0,-2.509830780E0,9.554032288E0,9.947505483E0
5.675985625E0,-1.171164551E0,-2.478845215E0,9.569300537E0,9.954286151E0
5.686010625E0,-1.165177002E0,-2.437082062E0,9.601184235E0,9.973953335E0
5.696034625E0,-1.168170776E0,-2.399360504E0,9.605225830E0,9.969047950E0
5.706059625E0,-1.152303772E0,-2.373164978E0,9.576335907E0,9.933072304E0
5.716084625E0,-1.164578247E0,-2.358196106E0,9.558522949E0,9.913762774E0
5.726109625E0,-1.177601166E0,-2.344125366E0,9.588161316E0,9.940548559E0
5.736134625E0,-1.199904785E0,-2.327809296E0,9.626481628E0,9.976352848E0
5.746158625E0,-1.201850739E0,-2.323019257E0,9.611961823E0,9.961459418E0
5.756183625E0,-1.186582489E0,-2.337089996E0,9.551936646E0,9.905022026E0
5.766208625E0,-1.146765289E0,-2.372416534E0,9.443412323E0,9.804155606E0
5.776233625E0,-1.142274628E0,-2.411784668E0,9.372310181E0,9.744829128E0
5.786258625E0,-1.149309998E0,-2.441722412E0,9.457483063E0,9.834983868E0
5.796282625E0,-1.096020813E0,-2.466870117E0,9.524842987E0,9.899966855E0
5.806307625E0,-1.116079102E0,-2.517764282E0,9.591753845E0,9.979304153E0
5.816332625E0,-1.139879608E0,-2.535577240E0,9.697883148E0,1.008847932E1
5.826357625E0,-1.165925446E0,-2.556533661E0,9.742490387E0,1.013959395E1
5.836382625E0,-1.173409882E0,-2.540816345E0,9.625134430E0,1.002376433E1
5.846406625E0,-1.190474396E0,-2.460433502E0,9.563462677E0,9.946395361E0
5.856431625E0,-1.201551361E0,-2.368524628E0,9.605525208E0,9.965929415E0
5.866456625E0,-1.197060699E0,-2.279908905E0,9.580676880E0,9.920701004E0
5.876481625E0,-1.196911011E0,-2.196981354E0,9.567653961E0,9.889354143E0
5.886506625E0,-1.198258209E0,-2.162403259E0,9.588610382E0,9.902184590E0
5.896531625E0,-1.185983734E0,-2.179318085E0,9.621990967E0,9.936734619E0
5.906555625E0,-1.181193695E0,-2.226320343E0,9.624236298E0,9.948750933E0
5.916580625E0,-1.192869415E0,-2.287243652E0,9.652377777E0,9.991136958E0
5.926605625E0,-1.186432800E0,-2.352657623E0,9.665700073E0,1.001840200E1
5.936630625E0,-1.170416107E0,-2.395917664E0,9.618248749E0,9.981032227E0
5.946655625E0,-1.199755096E0,-2.428549805E0,9.575737152E0,9.951482726E0
5.956679625E0,-1.227148132E0,-2.440524902E0,9.537267151E0,9.920762019E0
5.966704625E0,-1.226549377E0,-2.422711945E0,9.515113220E0,9.895015722E0
5.976729625E0,-1.229393463E0,-2.391127625E0,9.519304504E0,9.891716628E0
5.986754625E0,-1.212628326E0,-2.368075562E0,9.535321198E0,9.899525224E0
5.996779625E0,-1.197360077E0,-2.353855133E0,9.552685089E0,9.911008907E0
6.006803625E0,-1.192420349E0,-2.356549530E0,9.598639526E0,9.955353973E0
6.016828625E0,-1.200503540E0,-2.367626495E0,9.642947388E0,1.000166478E1
6.026853625E0,-1.192270660E0,-2.376158752E0,9.638606415E0,9.998518558E0
6.036878625E0,-1.173559570E0,-2.399959259E0,9.624685364E0,9.988574216E0
6.046902625E0,-1.180295563E0,-2.423161011E0,9.584718475E0,9.956487089E0
6.056927625E0,-1.176253967E0,-2.447709961E0,9.551786957E0,9.930331894E0
6.066952625E0,-1.171613617E0,-2.450554047E0,9.551487579E0,9.930196805E0
6.076977625E0,-1.164129181E0,-2.463277588E0,9.540260925E0,9.921668799E0
6.087002625E0,-1.162632294E0,-2.457589417E0,9.557924194E0,9.937070720E0
6.097027625E0,-1.166973267E0,-2.446961517E0,9.555229797E0,9.932364459E0
6.107051625E0,-1.190923462E0,-2.427052917E0,9.599387970E0,9.972819759E0
6.117076625E0,-1.194366302E0,-2.418670349E0,9.623936920E0,9.994830612E0
6.127101625E0,-1.191222839E0,-2.397414551E0,9.604926453E0,9.971019032E0
6.137126625E0,-1.199156342E0,-2.373164978E0,9.577383728E0,9.939626101E0
6.147151625E0,-1.187630310E0,-2.359393616E0,9.570647736E0,9.928469271E0
6.157175625E0,-1.172511749E0,-2.346670074E0,9.565408630E0,9.918603052E0
6.167200625E0,-1.154399414E0,-2.337389374E0,9.539961548E0,9.889736772E0
6.177225625E0,-1.155746613E0,-2.351609802E0,9.558223572E0,9.910875680E0
6.187250625E0,-1.167721710E0,-2.364033966E0,9.597891083E0,9.953478981E0
6.197275625E0,-1.176852722E0,-2.371518402E0,9.621990967E0,9.979568729E0
6.207299625E0,-1.182391205E0,-2.382295990E0,9.607321472E0,9.968651314E0
6.217324625E0,-1.176104279E0,-2.397115173E0,9.576784973E0,9.942041684E0
6.227349625E0,-1.177601166E0,-2.403402100E0,9.576485596E0,9.943448221E0
6.237374625E0,-1.170116730E0,-2.393971710E0,9.583970032E0,9.947499951E0
6.247399625E0,-1.170565796E0,-2.375410309E0,9.573940887E0,9.933435586E0
6.257423625E0,-1.181343384E0,-2.388433228E0,9.558223572E0,9.922692342E0
6.267448625E0,-1.183738403E0,-2.395618286E0,9.557175751E0,9.923700515E0
6.277473625E0,-1.175056458E0,-2.393672333E0,9.559421082E0,9.924361759E0
6.287498625E0,-1.179397430E0,-2.420017548E0,9.550739136E0,9.922906896E0
6.297523625E0,-1.202599182E0,-2.441123657E0,9.542655945E0,9.923084802E0
6.307547625E0,-1.213376770E0,-2.445614319E0,9.579179993E0,9.960622567E0
6.317572625E0,-1.214723969E0,-2.442321167E0,9.587712250E0,9.968185050E0
6.327597625E0,-1.201701050E0,-2.428849182E0,9.584568787E0,9.960288780E0
6.337622625E0,-1.174607391E0,-2.402953033E0,9.597741394E0,9.963459523E0
6.347647625E0,-1.169368286E0,-2.390079803E0,9.662257233E0,1.002193187E1
6.357671625E0,-1.181044006E0,-2.391277313E0,9.627230072E0,9.989826375E0
6.367696625E0,-1.189276886E0,-2.380200348E0,9.467212830E0,9.834015048E0
6.377721625E0,-1.190624084E0,-2.351759491E0,9.506431274E0,9.865120070E0
6.387746625E0,-1.180145874E0,-2.375709686E0,9.628577271E0,9.987303993E0
6.397771625E0,-1.224902802E0,-2.417173462E0,9.464368744E0,9.844663028E0
6.407795625E0,-1.246457977E0,-2.480342102E0,9.497150574E0,9.894524923E0
6.417820292E0,-1.131946106E0,-2.554438019E0,9.661957855E0,1.005782706E1
6.427845292E0,-1.086440735E0,-2.543361053E0,9.611512756E0,1.000151071E1
6.437870292E0,-1.171613617E0,-2.452050934E0,9.529782715E0,9.909691763E0
6.447895292E0,-1.221909027E0,-2.350861359E0,9.692344666E0,1.004794287E1
6.457919292E0,-1.158590698E0,-2.271975403E0,9.702074432E0,1.003167249E1
6.467944292E0,-1.193168793E0,-2.252515869E0,9.602681122E0,9.935238509E0
6.477969292E0,-1.259331207E0,-2.253563690E0,9.574090576E0,9.916031200E0
6.487994292E0,-1.232536926E0,-2.246378632E0,9.602232056E0,9.938220398E0
6.498019292E0,-1.187031555E0,-2.256258087E0,9.568252716E0,9.902080817E0
6.508043292E0,-1.165027313E0,-2.271077271E0,9.538165283E0,9.873787398E0
6.518068292E0,-1.167422333E0,-2.298769684E0,9.560917969E0,9.902442596E0
6.528093292E0,-1.190324707E0,-2.308649139E0,9.621242523E0,9.965693225E0
6.538118292E0,-1.203048248E0,-2.350262604E0,9.611063690E0,9.967126198E0
6.548143292E0,-1.200653229E0,-2.414928131E0,9.570198669E0,9.942944666E0
6.558167292E0,-1.197360077E0,-2.476300507E0,9.520052948E0,9.909447184E0
6.568192292E0,-1.191073151E0,-2.520458679E0,9.523944855E0,9.923552428E0
6.578217292E0,-1.173110504E0,-2.534230042E0,9.561067657E0,9.960548424E0
6.588242292E0,-1.155147858E0,-2.517315216E0,9.567653961E0,9.960484164E0
6.598267292E0,-1.149459686E0,-2.471360779E0,9.583221588E0,9.963283479E0
6.608291292E0,-1.159638519E0,-2.431244202E0,9.592801666E0,9.963812206E0
6.618316292E0,-1.159039764E0,-2.401605835E0,9.576186218E0,9.940544565E0
6.628341292E0,-1.157243500E0,-2.389780426E0,9.575437775E0,9.936763637E0
6.638366292E0,-1.180894318E0,-2.378703461E0,9.588161316E0,9.949149660E0
6.648391292E0,-1.190474396E0,-2.384541321E0,9.589209137E0,9.952698050E0
6.658415292E0,-1.194815369E0,-2.387535095E0,9.586365051E0,9.951196033E0
6.668440292E0,-1.188827820E0,-2.393822021E0,9.576635284E0,9.942617303E0
6.678465292E0,-1.179846497E0,-2.414329376E0,9.552385712E0,9.923159622E0
6.688490292E0,-1.170865173E0,-2.432441711E0,9.501491547E0,9.877552305E0
6.698515292E0,-1.161734161E0,-2.437082062E0,9.485325165E0,9.862068177E0
6.708539292E0,-1.132694550E0,-2.439776459E0,9.546547852E0,9.918270111E0
6.718564292E0,-1.120719452E0,-2.454895020E0,9.637408905E0,1.000810532E1
6.728589292E0,-1.133892059E0,-2.471510468E0,9.646539917E0,1.002246514E1
6.738614292E0,-1.135538635E0,-2.460134125E0,9.577982483E0,9.953866402E0
6.748639292E0,-1.147214355E0,-2.443668365E0,9.527836761E0,9.902892972E0
6.758663292E0,-1.174457703E0,-2.393822021E0,9.530531158E0,9.896502358E0
6.768688292E0,-1.194515991E0,-2.335742798E0,9.589059448E0,9.941459851E0
6.778713292E0,-1.198407898E0,-2.292333069E0,9.634415131E0,9.975616637E0
6.788738292E0,-1.195414124E0,-2.271077271E0,9.638307037E0,9.974155074E0
6.798763292E0,-1.196012878E0,-2.262095947E0,9.618847504E0,9.953378933E0
6.808787292E0,-1.205443268E0,-2.279759216E0,9.610165558E0,9.950159677E0
6.818812292E0,-1.187181244E0,-2.319277039E0,9.593699799E0,9.941203202E0
6.828837292E0,-1.191222839E0,-2.352507935E0,9.588311005E0,9.944295518E0
6.838862292E0,-1.184187469E0,-2.388433228E0,9.599238281E0,9.962544295E0
6.848887292E0,-1.196761322E0,-2.416125641E0,9.605525208E0,9.976773791E0
6.858912292E0,-1.203497314E0,-2.447260895E0,9.584868164E0,9.965299263E0
6.868936292E0,-1.198258209E0,-2.448009338E0,9.584269409E0,9.964275817E0
6.878961292E0,-1.191222839E0,-2.442770233E0,9.559421082E0,9.938242786E0
6.888986292E0,-1.185384979E0,-2.431842957E0,9.550290070E0,9.926078688E0
6.899011292E0,-1.181193695E0,-2.415826263E0,9.556427307E0,9.927574626E0
6.909036292E0,-1.196461945E0,-2.414928131E0,9.541458435E0,9.914778269E0
6.919060292E0,-1.195863190E0,-2.410736847E0,9.547146606E0,9.919160712E0
6.929085292E0,-1.203946381E0,-2.417472839E0,9.569150848E0,9.942952769E0
6.939110292E0,-1.217867432E0,-2.429597626E0,9.586215363E0,9.964018802E0
6.949135292E0,-1.206640778E0,-2.433489532E0,9.605525208E0,9.982182516E0
6.959159292E0,-1.189127197E0,-2.437082062E0,9.605375519E0,9.980813159E0
6.969184292E0,-1.182690582E0,-2.440524902E0,9.612560577E0,9.987804547E0
6.979209292E0,-1.179247742E0,-2.432441711E0,9.598340149E0,9.971736636E0
6.989234292E0,-1.168919220E0,-2.419269104E0,9.571096802E0,9.941082895E0
6.999259292E0,-1.166973267E0,-2.413131866E0,9.548493805E0,9.917598800E0
7.009284292E0,-1.168619843E0,-2.413431244E0,9.561067657E0,9.929971674E0
7.019308292E0,-1.172212372E0,-2.393822021E0,9.581275635E0,9.945114806E0
7.029333292E0,-1.175804901E0,-2.383493500E0,9.551786957E0,9.914645354E0
7.039358292E0,-1.167122955E0,-2.398312683E0,9.523495789E0,9.889947005E0
7.049383292E0,-1.166524200E0,-2.404749298E0,9.530680847E0,9.898357202E0
7.059408292E0,-1.196911011E0,-2.417622528E0,9.578581238E0,9.951216669E0
7.069432292E0,-1.167721710E0,-2.400558014E0,9.635013885E0,9.997987065E0
7.079457292E0,-1.143023071E0,-2.362537079E0,9.619446259E0,9.971049569E0
7.089482292E0,-1.144969025E0,-2.347717896E0,9.583221588E0,9.932817797E0
7.099507292E0,-1.175954590E0,-2.374212799E0,9.589059448E0,9.948357488E0
7.109532292E0,-1.198258209E0,-2.368973694E0,9.518256683E0,9.881551973E0
7.119556292E0,-1.191522217E0,-2.349663849E0,9.595196686E0,9.950298731E0
7.129581292E0,-1.175355835E0,-2.349663849E0,9.694739685E0,1.004441930E1
7.139606292E0,-1.203497314E0,-2.386786652E0,9.480086060E0,9.849730352E0
7.149631292E0,-1.246158600E0,-2.418520660E0,9.434580688E0,9.819035910E0
7.159656292E0,-1.189276886E0,-2.437082062E0,9.594597931E0,9.970459264E0
7.169680292E0,-1.123563538E0,-2.523602142E0,9.605674896E0,9.994996399E0
7.179705292E0,-1.117426300E0,-2.509232025E0,9.480086060E0,9.870000942E0
7.189730292E0,-1.208886108E0,-2.463427277E0,9.596693573E0,9.981302876E0
7.199755292E0,-1.209784241E0,-2.376907196E0,9.747130737E0,1.010543534E1
7.209780292E0,-1.186582489E0,-2.319726105E0,9.678423615E0,1.002302304E1
7.219804292E0,-1.234183502E0,-2.300565948E0,9.604028320E0,9.952546035E0
7.229829292E0,-1.233734436E0,-2.298021240E0,9.592202911E0,9.940490882E0
7.239854292E0,-1.209035797E0,-2.282154236E0,9.579928436E0,9.921946601E0
7.249879292E0,-1.207987976E0,-2.284698944E0,9.551637268E0,9.895092658E0
7.259904292E0,-1.201102295E0,-2.316732330E0,9.556876373E0,9.906754334E0
7.269928292E0,-1.190624084E0,-2.345472565E0,9.583670654E0,9.938086862E0
7.279953292E0,-1.193019104E0,-2.373913422E0,9.585167542E0,9.946567062E0
7.289978292E0,-1.210981750E0,-2.404300232E0,9.557624817E0,9.929518042E0
7.300003292E0,-1.195264435E0,-2.450853424E0,9.536818085E0,9.918983756E0
7.310028292E0,-1.170116730E0,-2.478994904E0,9.527986450E0,9.914490138E0
7.320052292E0,-1.156345367E0,-2.497705994E0,9.568103027E0,9.956116983E0
7.330077292E0,-1.153052216E0,-2.476300507E0,9.586215363E0,9.967804101E0
7.340102292E0,-1.141077118E0,-2.451751556E0,9.595795441E0,9.969575358E0
7.350127292E0,-1.140777740E0,-2.427951050E0,9.595496063E0,9.963426361E0
7.360152292E0,-1.144819336E0,-2.389630737E0,9.588011627E0,9.947407368E0
7.370176292E0,-1.153650970E0,-2.375859375E0,9.584269409E0,9.941520932E0
7.380201292E0,-1.152603149E0,-2.373763733E0,9.585766296E0,9.942341966E0
7.390226292E0,-1.156495056E0,-2.365381165E0,9.583820343E0,9.938919521E0
7.400251292E0,-1.169517975E0,-2.369123383E0,9.577234039E0,9.934985140E0
7.410276292E0,-1.182241516E0,-2.388433228E0,9.570348358E0,9.934479150E0
7.420300500E0,-1.178349609E0,-2.415377197E0,9.527687073E0,9.899463408E0
7.430325500E0,-1.164877625E0,-2.411335602E0,9.473050690E0,9.844296249E0
7.440350500E0,-1.186283112E0,-2.421364746E0,9.573491821E0,9.945954982E0
7.450375500E0,-1.156195679E0,-2.440524902E0,9.663903809E0,1.003414107E1
7.460400500E0,-1.117575989E0,-2.470911713E0,9.602381744E0,9.977981557E0
7.470424500E0,-1.128203888E0,-2.476749573E0,9.538015594E0,9.918713321E0
7.480449500E0,-1.138083344E0,-2.457888794E0,9.544452209E0,9.921341593E0
7.490474500E0,-1.170266418E0,-2.423011322E0,9.595945129E0,9.966075972E0
7.500499500E0,-1.183888092E0,-2.373464355E0,9.596394196E0,9.956189312E0
7.510524500E0,-1.171164551E0,-2.332449646E0,9.576186218E0,9.925486902E0
7.520548500E0,-1.178349609E0,-2.300266571E0,9.597292328E0,9.939202892E0
7.530573500E0,-1.185384979E0,-2.288141785E0,9.608219604E0,9.947794446E0
7.540598500E0,-1.179996185E0,-2.285447388E0,9.612261200E0,9.950438490E0
7.550623500E0,-1.195863190E0,-2.316283264E0,9.589508514E0,9.937501219E0
7.560648500E0,-1.197509766E0,-2.348915405E0,9.579179993E0,9.935397453E0
7.570672500E0,-1.196012878E0,-2.371219025E0,9.581575012E0,9.942821842E0
7.580697500E0,-1.191821594E0,-2.397713928E0,9.603878632E0,9.970153237E0
7.590722500E0,-1.178948364E0,-2.414778442E0,9.604327698E0,9.973173251E0
7.600747500E0,-1.181642761E0,-2.423011322E0,9.596394196E0,9.967850573E0
7.610772500E0,-1.191073151E0,-2.418071594E0,9.584419098E0,9.956245022E0
7.620796500E0,-1.201102295E0,-2.412084045E0,9.577982483E0,9.949801235E0
7.630821500E0,-1.207538910E0,-2.399809570E0,9.560618591E0,9.930894423E0
7.640846500E0,-1.200802917E0,-2.386337585E0,9.551038513E0,9.917604116E0
7.650871500E0,-1.198258209E0,-2.396217041E0,9.556277618E0,9.924722705E0
7.660896500E0,-1.199006653E0,-2.404000854E0,9.560917969E0,9.931162544E0
7.670920500E0,-1.183888092E0,-2.412084045E0,9.564510498E0,9.934767311E0
7.680945500E0,-1.183888092E0,-2.431693268E0,9.585466919E0,9.959713812E0
7.690970500E0,-1.186432800E0,-2.443518677E0,9.583820343E0,9.961326151E0
7.700995500E0,-1.190923462E0,-2.435285797E0,9.575587463E0,9.951923979E0
7.711020500E0,-1.178050232E0,-2.436782684E0,9.584718475E0,9.959545193E0
7.721044500E0,-1.165476379E0,-2.426005096E0,9.584568787E0,9.955289787E0
7.731069500E0,-1.150657196E0,-2.415826263E0,9.571396179E0,9.938402957E0
7.741094500E0,-1.153351593E0,-2.395169220E0,9.562863922E0,9.925493533E0
7.751119500E0,-1.158441010E0,-2.392025757E0,9.576036530E0,9.938020347E0
7.761144500E0,-1.165476379E0,-2.406395874E0,9.586963806E0,9.952836345E0
7.771168500E0,-1.179397430E0,-2.395917664E0,9.587412872E0,9.952380888E0
7.781193500E0,-1.174308014E0,-2.382146301E0,9.579778748E0,9.941115690E0
7.791218500E0,-1.174308014E0,-2.375709686E0,9.568701782E0,9.928899719E0
7.801243500E0,-1.162332916E0,-2.376158752E0,9.572893066E0,9.931637825E0
7.811268500E0,-1.149459686E0,-2.376757507E0,9.577982483E0,9.935189090E0
7.821293500E0,-1.157393188E0,-2.370620270E0,9.592651978E0,9.948787435E0
7.831317500E0,-1.162183228E0,-2.374961243E0,9.597292328E0,9.954854634E0
7.841342500E0,-1.162482605E0,-2.373314667E0,9.591903534E0,9.949301569E0
7.851367500E0,-1.159788208E0,-2.388133850E0,9.596843262E0,9.957293436E0
7.861392500E0,-1.160836029E0,-2.386786652E0,9.582473145E0,9.943243051E0
7.871417500E0,-1.169817352E0,-2.381397858E0,9.571695557E0,9.932617189E0
7.881441500E0,-1.174757080E0,-2.378853149E0,9.558672638E0,9.920041285E0
7.891466500E0,-1.174757080E0,-2.392025757E0,9.567055206E0,9.931283237E0
7.901491500E0,-1.185384979E0,-2.406395874E0,9.568851471E0,9.937746079E0
7.911516500E0,-1.191671906E0,-2.407743073E0,9.572444000E0,9.942283076E0
7.921540500E0,-1.175804901E0,-2.414628754E0,9.579179993E0,9.948549568E0
7.931565500E0,-1.182241516E0,-2.419269104E0,9.573342133E0,9.944819636E0
7.941590500E0,-1.183289337E0,-2.419568481E0,9.584269409E0,9.955536419E0
7.951615500E0,-1.174607391E0,-2.411335602E0,9.609267426E0,9.976585707E0
7.961640500E0,-1.174457703E0,-2.416125641E0,9.566606140E0,9.936647677E0
7.971664500E0,-1.172661438E0,-2.423759766E0,9.538464661E0,9.911208520E0
7.981689500E0,-1.168919220E0,-2.436782684E0,9.531878357E0,9.907622672E0
7.991714500E0,-1.183289337E0,-2.432142334E0,9.560169525E0,9.935407960E0
8.001739500E0,-1.183139648E0,-2.422113190E0,9.598040771E0,9.969395086E0
8.011764500E0,-1.176852722E0,-2.410587158E0,9.594148865E0,9.962108472E0
8.021789500E0,-1.183439026E0,-2.392025757E0,9.581724701E0,9.946444762E0
8.031813500E0,-1.214873657E0,-2.388133850E0,9.589358826E0,9.956651243E0
8.041838500E0,-1.225202179E0,-2.374961243E0,9.492061157E0,9.861074297E0
8.051863500E0,-1.206491089E0,-2.348466339E0,9.552385712E0,9.910549313E0
8.061888500E0,-1.152603149E0,-2.346969452E0,9.668993225E0,1.001629620E1
8.071913500E0,-1.190624084E0,-2.399360504E0,9.476343842E0,9.847619466E0
8.081937500E0,-1.235231323E0,-2.429897003E0,9.455537109E0,9.840598452E0
8.091962500E0,-1.157393188E0,-2.504441986E0,9.614955597E0,1.000295755E1
8.101987500E0,-1.096170502E0,-2.555934906E0,9.612560577E0,1.000678339E1
8.112012500E0,-1.137334900E0,-2.475102997E0,9.510023804E0,9.892432374E0
8.122037500E0,-1.222807159E0,-2.413281555E0,9.687255249E0,1.005793714E1
8.132061500E0,-1.144819336E0,-2.335144043E0,9.735305328E0,1.007668988E1
8.142086500E0,-1.149908752E0,-2.279609528E0,9.640552368E0,9.972921322E0
8.152111500E0,-1.224154358E0,-2.258503418E0,9.594148865E0,9.932123842E0
8.162136500E0,-1.242266693E0,-2.236499176E0,9.574090576E0,9.910013394E0
8.172161500E0,-1.238225098E0,-2.236050110E0,9.558223572E0,9.894076982E0
8.182185500E0,-1.225501556E0,-2.270777893E0,9.533674622E0,9.876701782E0
8.192210500E0,-1.204994202E0,-2.299069061E0,9.551487579E0,9.897911121E0
8.202235500E0,-1.183738403E0,-2.346221008E0,9.616751862E0,9.969348323E0
8.212260500E0,-1.190175018E0,-2.378104706E0,9.638606415E0,9.998731529E0
8.222285500E0,-1.179247742E0,-2.436034241E0,9.582772522E0,9.957631107E0
8.232309500E0,-1.155896301E0,-2.481389923E0,9.524094543E0,9.909680574E0
8.242334500E0,-1.156495056E0,-2.515668640E0,9.513915710E0,9.908615527E0
8.252359500E0,-1.148711243E0,-2.518812103E0,9.545949097E0,9.939270400E0
8.262384500E0,-1.134640503E0,-2.501298523E0,9.587113495E0,9.972795422E0
8.272409500E0,-1.127455444E0,-2.462080078E0,9.633966064E0,1.000731214E1
8.282433500E0,-1.121018829E0,-2.427651672E0,9.619146881E0,9.983895161E0
8.292458500E0,-1.128203888E0,-2.407593384E0,9.577982483E0,9.940175972E0
8.302483500E0,-1.144370270E0,-2.387984161E0,9.570947113E0,9.930512590E0
8.312508500E0,-1.177152100E0,-2.370470581E0,9.577084351E0,9.936063733E0
8.322533500E0,-1.195414124E0,-2.373913422E0,9.573791199E0,9.935892400E0
8.332557500E0,-1.185684357E0,-2.381397858E0,9.569450226E0,9.932335112E0
8.342582500E0,-1.179696808E0,-2.399360504E0,9.571695557E0,9.938107024E0
8.352607500E0,-1.172062683E0,-2.421215057E0,9.536668396E0,9.908786877E0
8.362632500E0,-1.169967041E0,-2.442171478E0,9.492360535E0,9.871065440E0
8.372657500E0,-1.172062683E0,-2.445614319E0,9.538314972E0,9.916360866E0
8.382681500E0,-1.124611359E0,-2.447859650E0,9.612261200E0,9.982601512E0
8.392706500E0,-1.122366028E0,-2.450404358E0,9.657766571E0,1.002679621E1
8.402731500E0,-1.134490814E0,-2.446213074E0,9.627230072E0,9.997729076E0
8.412756500E0,-1.139879608E0,-2.442919922E0,9.566007385E0,9.938595502E0
8.422781292E0,-1.160836029E0,-2.428400116E0,9.517059174E0,9.890353013E0
8.432805292E0,-1.172811127E0,-2.389630737E0,9.543853455E0,9.908125946E0
8.442830292E0,-1.186432800E0,-2.345322876E0,9.581425323E0,9.935384915E0
8.452855292E0,-1.188977509E0,-2.316582642E0,9.594448242E0,9.941511944E0
8.462880292E0,-1.199455719E0,-2.303859100E0,9.602980499E0,9.948049821E0
8.472905292E0,-1.209784241E0,-2.300565948E0,9.608518982E0,9.953884599E0
8.482929292E0,-1.200503540E0,-2.316133575E0,9.608219604E0,9.956081933E0
8.492954292E0,-1.196461945E0,-2.351759491E0,9.587113495E0,9.943592864E0
8.502979292E0,-1.179696808E0,-2.388283539E0,9.583970032E0,9.947264166E0
8.513004292E0,-1.174008636E0,-2.409838715E0,9.586664429E0,9.954383646E0
8.523029292E0,-1.169068909E0,-2.429897003E0,9.584868164E0,9.956948292E0
8.533053292E0,-1.179247742E0,-2.448458405E0,9.586514740E0,9.964278130E0
8.543078292E0,-1.191222839E0,-2.448458405E0,9.583071899E0,9.962390649E0
8.553103292E0,-1.193617859E0,-2.446961517E0,9.566606140E0,9.946471601E0
8.563128292E0,-1.189725952E0,-2.426753540E0,9.555828552E0,9.930681744E0
8.573153292E0,-1.188528442E0,-2.406545563E0,9.548344116E0,9.918414025E0
8.583177292E0,-1.187630310E0,-2.401007080E0,9.543254700E0,9.912063913E0
8.593202292E0,-1.177301788E0,-2.409988403E0,9.563612366E0,9.932611192E0
8.603227292E0,-1.187630310E0,-2.423759766E0,9.582173767E0,9.955055563E0
8.613252292E0,-1.182690582E0,-2.428250427E0,9.593250732E0,9.966223797E0
8.623277292E0,-1.178798676E0,-2.440075836E0,9.590855713E0,9.966345855E0
8.633301292E0,-1.174906769E0,-2.451302490E0,9.591903534E0,9.969649102E0
8.643326292E0,-1.181343384E0,-2.445913696E0,9.619296570E0,9.995445588E0
8.653351292E0,-1.174308014E0,-2.432441711E0,9.595496063E0,9.968415957E0
8.663376292E0,-1.172212372E0,-2.415826263E0,9.559421082E0,9.929392217E0
8.673401292E0,-1.161584473E0,-2.393822021E0,9.578581238E0,9.941271593E0
8.683425292E0,-1.164727936E0,-2.383493500E0,9.571695557E0,9.932521747E0
8.693450292E0,-1.162332916E0,-2.377206573E0,9.558822327E0,9.918327136E0
8.703475292E0,-1.163530426E0,-2.374512177E0,9.565408630E0,9.924170162E0
8.713500292E0,-1.164129181E0,-2.371219025E0,9.586365051E0,9.943654827E0
8.723525292E0,-1.181642761E0,-2.379302216E0,9.621242523E0,9.981265768E0
8.733550292E0,-1.168470154E0,-2.388433228E0,9.627828827E0,9.988244275E0
8.743574292E0,-1.164278870E0,-2.385738831E0,9.616452484E0,9.976144217E0
8.753599292E0,-1.151405640E0,-2.394869843E0,9.583970032E0,9.945532569E0
8.763624292E0,-1.142274628E0,-2.392923889E0,9.546847229E0,9.908237385E0
8.773649292E0,-1.148561554E0,-2.389181671E0,9.537716217E0,9.899263272E0
8.783674292E0,-1.160536652E0,-2.384391632E0,9.552236023E0,9.913494934E0
8.793698292E0,-1.170416107E0,-2.385439453E0,9.555229797E0,9.917792684E0
8.803723292E0,-1.171763306E0,-2.401156769E0,9.563013611E0,9.929240273E0
8.813748292E0,-1.162033539E0,-2.414928131E0,9.559720459E0,9.928265462E0
8.823773292E0,-1.174008636E0,-2.415826263E0,9.563762054E0,9.933783642E0
8.833797292E0,-1.174757080E0,-2.430795135E0,9.565408630E0,9.939107679E0
8.843822292E0,-1.174906769E0,-2.428549805E0,9.581425323E0,9.953992732E0
8.853847292E0,-1.183738403E0,-2.435136108E0,9.586814117E0,9.961833636E0
8.863872292E0,-1.174757080E0,-2.426454163E0,9.592202911E0,9.963839154E0
8.873897292E0,-1.168919220E0,-2.422861633E0,9.570348358E0,9.941237264E0
8.883922292E0,-1.167572021E0,-2.421364746E0,9.574988708E0,9.945181769E0
8.893946292E0,-1.157842255E0,-2.416874084E0,9.592951355E0,9.960250736E0
8.903971292E0,-1.160836029E0,-2.425106964E0,9.578880615E0,9.949052111E0
8.913996292E0,-1.169068909E0,-2.437830505E0,9.537416840E0,9.913226501E0
8.924021292E0,-1.180894318E0,-2.455194397E0,9.506880341E0,9.889553313E0
8.934046292E0,-1.190324707E0,-2.443967743E0,9.528585205E0,9.908773246E0
8.944070292E0,-1.194366302E0,-2.444267120E0,9.581125946E0,9.959865813E0
8.954095292E0,-1.181493073E0,-2.428998871E0,9.601782990E0,9.974477328E0
8.964120292E0,-1.160686340E0,-2.403102722E0,9.587113495E0,9.951625025E0
8.974145292E0,-1.172960815E0,-2.382295990E0,9.591604156E0,9.952388736E0
8.984170292E0,-1.200054474E0,-2.384691010E0,9.555678864E0,9.921586592E0
8.994194292E0,-1.220561829E0,-2.366279297E0,9.510173492E0,9.875851798E0
9.004219292E0,-1.179547119E0,-2.355651398E0,9.681118011E0,1.003316854E1
9.014244292E0,-1.161883850E0,-2.379601593E0,9.606872406E0,9.965163082E0
9.024269292E0,-1.230291595E0,-2.424657898E0,9.415270844E0,9.799995326E0
9.034294292E0,-1.228495331E0,-2.449206848E0,9.517358551E0,9.903935013E0
9.044318292E0,-1.138083344E0,-2.520758057E0,9.616901550E0,1.000671026E1
9.054343292E0,-1.105151825E0,-2.502046967E0,9.524094543E0,9.909085551E0
9.064368292E0,-1.167572021E0,-2.432441711E0,9.544302521E0,9.918352066E0
9.074393292E0,-1.196761322E0,-2.389181671E0,9.731563110E0,1.009176631E1
9.084418292E0,-1.146166534E0,-2.310295715E0,9.722282410E0,1.005852570E1
9.094442292E0,-1.202299805E0,-2.276466064E0,9.645342407E0,9.983008200E0
9.104467292E0,-1.254541168E0,-2.271825714E0,9.598190460E0,9.942852997E0
9.114492292E0,-1.229692841E0,-2.275268555E0,9.575138397E0,9.918279428E0
9.124517292E0,-1.185684357E0,-2.278262329E0,9.553882599E0,9.893078355E0
9.134542292E0,-1.174457703E0,-2.308798828E0,9.539063416E0,9.884514847E0
9.144566292E0,-1.170565796E0,-2.333048401E0,9.586814117E0,9.935811192E0
9.154591292E0,-1.181044006E0,-2.373763733E0,9.626331940E0,9.984782713E0
9.164616292E0,-1.177152100E0,-2.417323151E0,9.600286102E0,9.969685628E0
9.174641292E0,-1.166224823E0,-2.458637238E0,9.540260925E0,9.920763878E0
9.184666292E0,-1.153351593E0,-2.489173737E0,9.497749329E0,9.886022865E0
9.194690292E0,-1.146166534E0,-2.508034515E0,9.513316956E0,9.904904560E0
9.204715292E0,-1.141226807E0,-2.514920197E0,9.561367035E0,9.952234010E0
9.214740292E0,-1.127455444E0,-2.491868134E0,9.597891083E0,9.979983758E0
9.224765292E0,-1.118474121E0,-2.458936615E0,9.635462952E0,1.000697257E1
9.234790292E0,-1.122665405E0,-2.429897003E0,9.618997192E0,9.984482162E0
9.244814292E0,-1.127754822E0,-2.423011322E0,9.573042755E0,9.939112757E0
9.254839292E0,-1.134191437E0,-2.403851166E0,9.566456451E0,9.928845838E0
9.264864292E0,-1.163979492E0,-2.397713928E0,9.590706024E0,9.954171105E0
9.274889292E0,-1.185534668E0,-2.395618286E0,9.590556335E0,9.956066002E0
9.284914292E0,-1.186582489E0,-2.399959259E0,9.566157074E0,9.933737646E0
9.294938292E0,-1.184935913E0,-2.413431244E0,9.546996918E0,9.918360431E0
9.304963292E0,-1.168470154E0,-2.426304474E0,9.505084076E0,9.879215515E0
9.314988292E0,-1.163530426E0,-2.432890778E0,9.469907227E0,9.846415768E0
9.325013292E0,-1.159937897E0,-2.436932373E0,9.580976257E0,9.953853593E0
9.335038292E0,-1.127455444E0,-2.447709961E0,9.664652252E0,1.003334157E1
9.345062292E0,-1.128652954E0,-2.464325409E0,9.659562836E0,1.003264229E1
9.355087292E0,-1.137334900E0,-2.460583191E0,9.560319214E0,9.937187921E0
9.365112292E0,-1.146016846E0,-2.439177704E0,9.532327423E0,9.905968331E0
9.375137292E0,-1.178499298E0,-2.406545563E0,9.544152832E0,9.913181902E0
9.385162292E0,-1.185534668E0,-2.350412292E0,9.570048981E0,9.925510964E0
9.395186292E0,-1.196312256E0,-2.316133575E0,9.596094818E0,9.943876181E0
9.405211292E0,-1.208586731E0,-2.295775909E0,9.599088593E0,9.943529088E0
9.415236292E0,-1.211281128E0,-2.296075287E0,9.599537659E0,9.944359555E0
9.425261625E0,-1.221609650E0,-2.322719879E0,9.589658203E0,9.942278523E0
9.435286625E0,-1.216220856E0,-2.348765717E0,9.571994934E0,9.930708967E0
9.445310625E0,-1.194216614E0,-2.376009064E0,9.575288086E0,9.937691599E0
9.455335625E0,-1.181044006E0,-2.396366730E0,9.574240265E0,9.939995729E0
9.465360625E0,-1.183439026E0,-2.426154785E0,9.591155090E0,9.963784970E0
9.475385625E0,-1.173709259E0,-2.446512451E0,9.605375519E0,9.981295279E0
9.485410625E0,-1.169967041E0,-2.450254669E0,9.590406647E0,9.967370289E0
9.495434625E0,-1.179547119E0,-2.443069611E0,9.578730927E0,9.955501328E0
9.505459625E0,-1.177301788E0,-2.428998871E0,9.572444000E0,9.945740754E0
9.515484625E0,-1.184786224E0,-2.419269104E0,9.559421082E0,9.931722550E0
9.525509625E0,-1.186432800E0,-2.399959259E0,9.537267151E0,9.905901874E0
9.535534625E0,-1.197809143E0,-2.406395874E0,9.535919952E0,9.907535374E0
9.545558625E0,-1.202748871E0,-2.413880310E0,9.555080109E0,9.928392563E0
9.555583625E0,-1.199156342E0,-2.425406342E0,9.582323456E0,9.956982207E0
9.565608625E0,-1.186582489E0,-2.443368988E0,9.582922211E0,9.960443168E0
9.575633625E0,-1.175804901E0,-2.460433502E0,9.576335907E0,9.957030661E0
9.585658625E0,-1.174008636E0,-2.468666382E0,9.587263184E0,9.969364340E0
9.595682625E0,-1.155746613E0,-2.462978210E0,9.593550110E0,9.971871219E0
9.605707625E0,-1.141526184E0,-2.447260895E0,9.582922211E0,9.956132081E0
9.615732625E0,-1.149010620E0,-2.422562256E0,9.589957581E0,9.957726632E0
9.625757625E0,-1.146615601E0,-2.402653656E0,9.571845245E0,9.935174549E0
9.635782625E0,-1.147663422E0,-2.393223267E0,9.573192444E0,9.934317415E0
9.645807625E0,-1.157243500E0,-2.373164978E0,9.570498047E0,9.928018805E0
9.655831625E0,-1.165925446E0,-2.371219025E0,9.567504272E0,9.925683846E0
9.665856625E0,-1.175804901E0,-2.378553772E0,9.574240265E0,9.935094960E0
9.675881625E0,-1.176403656E0,-2.385589142E0,9.576635284E0,9.939160150E0
9.685906625E0,-1.179846497E0,-2.391726379E0,9.577832794E0,9.942196632E0
9.695931625E0,-1.181493073E0,-2.393971710E0,9.585466919E0,9.950286553E0
9.705955625E0,-1.170865173E0,-2.399210815E0,9.576784973E0,9.941928797E0
9.715980625E0,-1.164278870E0,-2.404749298E0,9.573491821E0,9.939321412E0
9.726005625E0,-1.159189453E0,-2.399210815E0,9.572593689E0,9.936522664E0
9.736030625E0,-1.163680115E0,-2.400108948E0,9.577234039E0,9.941734568E0
9.746055625E0,-1.166673889E0,-2.399210815E0,9.569599915E0,9.934514735E0
9.756079625E0,-1.160836029E0,-2.405797119E0,9.577084351E0,9.942632686E0
9.766104625E0,-1.163081360E0,-2.410138092E0,9.588161316E0,9.954615075E0
9.776129625E0,-1.171613617E0,-2.419269104E0,9.580227814E0,9.950191276E0
9.786154625E0,-1.180295563E0,-2.413580933E0,9.578880615E0,9.948538806E0
9.796179625E0,-1.181792450E0,-2.415826263E0,9.597142639E0,9.966844875E0
9.806203625E0,-1.178050232E0,-2.422711945E0,9.567055206E0,9.939108654E0
9.816228625E0,-1.170266418E0,-2.418670349E0,9.555529175E0,9.926108379E0
9.826253625E0,-1.176104279E0,-2.426154785E0,9.541159058E0,9.914795231E0
9.836278625E0,-1.176253967E0,-2.438429260E0,9.538015594E0,9.914799652E0
9.846303625E0,-1.172960815E0,-2.430645447E0,9.591753845E0,9.964216788E0
9.856327625E0,-1.169218597E0,-2.432292023E0,9.591454468E0,9.963890576E0
9.866352625E0,-1.170416107E0,-2.448308716E0,9.554331665E0,9.932237562E0
9.876377625E0,-1.169218597E0,-2.433639221E0,9.558822327E0,9.932812102E0
9.886402625E0,-1.171314240E0,-2.416724396E0,9.595046997E0,9.963807542E0
9.896427625E0,-1.168320465E0,-2.391127625E0,9.594897308E0,9.957134045E0
9.906451625E0,-1.161285095E0,-2.371219025E0,9.575587463E0,9.932931994E0
9.916476625E0,-1.184337158E0,-2.364782410E0,9.564809875E0,9.923731068E0
9.926501625E0,-1.222956848E0,-2.382146301E0,9.527238007E0,9.896388659E0
9.936526625E0,-1.218466187E0,-2.375709686E0,9.524693298E0,9.891836977E0
9.946551625E0,-1.169218597E0,-2.372266846E0,9.687554626E0,1.004208329E1
9.956575625E0,-1.141825562E0,-2.369422760E0,9.585616608E0,9.939918288E0
9.966600625E0,-1.217268677E0,-2.404898987E0,9.366172943E0,9.746305852E0
9.976625625E0,-1.220561829E0,-2.465522919E0,9.532177734E0,9.921239177E0
9.986650625E0,-1.140777740E0,-2.555934906E0,9.669741669E0,1.006668173E1
9.996675625E0,-1.101858673E0,-2.532284088E0,9.564959564E0,9.955651998E0
1.000669962E1,-1.165027313E0,-2.434387665E0,9.538764038E0,9.913200861E0
1.001672462E1,-1.180145874E0,-2.391277313E0,9.740245056E0,1.009867938E1
1.002674962E1,-1.113983459E0,-2.311642914E0,9.727222137E0,1.005999516E1
1.003677462E1,-1.178648987E0,-2.266885986E0,9.611662445E0,9.945453256E0
1.004679963E1,-1.245110779E0,-2.259850616E0,9.551786957E0,9.894132591E0
1.005682362E1,-1.232985992E0,-2.263293457E0,9.553882599E0,9.895424420E0
1.006684862E1,-1.223405914E0,-2.289938049E0,9.555080109E0,9.901519792E0
1.007687362E1,-1.215921478E0,-2.327060852E0,9.546996918E0,9.901455822E0
1.008689862E1,-1.193767548E0,-2.349065094E0,9.599088593E0,9.954179503E0
1.009692363E1,-1.167272644E0,-2.377356262E0,9.616751862E0,9.974781431E0
1.010694762E1,-1.151405640E0,-2.412233734E0,9.592053223E0,9.957514326E0
1.011697262E1,-1.149010620E0,-2.459535370E0,9.519903259E0,9.899398856E0
1.012699762E1,-1.162781982E0,-2.498903503E0,9.507329407E0,9.898782405E0
1.013702262E1,-1.150208130E0,-2.527044983E0,9.507778473E0,9.904887005E0
1.014704762E1,-1.142124939E0,-2.521955566E0,9.547146606E0,9.940458620E0
1.015707162E1,-1.142873383E0,-2.489922180E0,9.594747620E0,9.978228997E0
1.016709662E1,-1.143023071E0,-2.455643463E0,9.623188477E0,9.997121737E0
1.017712162E1,-1.142723694E0,-2.423610077E0,9.614057465E0,9.980471140E0
1.018714662E1,-1.145118713E0,-2.412383423E0,9.604178009E0,9.968506702E0
1.019717162E1,-1.155746613E0,-2.400258636E0,9.584718475E0,9.948056092E0
1.020719563E1,-1.167122955E0,-2.397863617E0,9.571845245E0,9.936405151E0
1.021722062E1,-1.188678131E0,-2.387984161E0,9.559570770E0,9.924757799E0
1.022724562E1,-1.195713501E0,-2.393672333E0,9.563612366E0,9.930864992E0
1.023727062E1,-1.191073151E0,-2.402503967E0,9.546098785E0,9.915577774E0
1.024729562E1,-1.180295563E0,-2.414928131E0,9.510472870E0,9.883019260E0
1.025731963E1,-1.179547119E0,-2.430795135E0,9.495953064E0,9.872852728E0
1.026734462E1,-1.158291321E0,-2.436932373E0,9.527238007E0,9.901946385E0
1.027736962E1,-1.130598907E0,-2.440375214E0,9.595346375E0,9.965157155E0
1.028739462E1,-1.135538635E0,-2.453248444E0,9.666598206E0,1.003747960E1
1.029741962E1,-1.136586456E0,-2.462080078E0,9.640103302E0,1.001425278E1
1.030744363E1,-1.151555328E0,-2.450554047E0,9.555978241E0,9.932170707E0
1.031746862E1,-1.159638519E0,-2.414928131E0,9.513167267E0,9.883167044E0
1.032749362E1,-1.166374512E0,-2.370769958E0,9.546398163E0,9.905286345E0
1.033751862E1,-1.185235291E0,-2.320624237E0,9.597442017E0,9.944896822E0
1.034754362E1,-1.192270660E0,-2.299817505E0,9.623188477E0,9.965762707E0
1.035756763E1,-1.210981750E0,-2.301015015E0,9.611812134E0,9.957312860E0
1.036759262E1,-1.190474396E0,-2.316432953E0,9.597292328E0,9.944400984E0
1.037761762E1,-1.186732178E0,-2.348765717E0,9.581874390E0,9.936666970E0
1.038764262E1,-1.174008636E0,-2.385439453E0,9.577533417E0,9.939706435E0
1.039766762E1,-1.187330933E0,-2.426903229E0,9.584718475E0,9.958234898E0
1.040769163E1,-1.184337158E0,-2.445764008E0,9.591604156E0,9.969116630E0
1.041771663E1,-1.184486847E0,-2.441123657E0,9.591604156E0,9.967996995E0
1.042774129E1,-1.177301788E0,-2.438878326E0,9.582473145E0,9.957808924E0
1.043776629E1,-1.178499298E0,-2.428400116E0,9.579479370E0,9.952507861E0
1.044779129E1,-1.179996185E0,-2.428250427E0,9.585766296E0,9.958700047E0
1.045781629E1,-1.184486847E0,-2.417323151E0,9.566606140E0,9.938129268E0
1.046784029E1,-1.185384979E0,-2.406994629E0,9.553283844E0,9.922902443E0
1.047786529E1,-1.177601166E0,-2.409838715E0,9.560618591E0,9.929727840E0
1.048789029E1,-1.180295563E0,-2.419269104E0,9.562564545E0,9.934213672E0
1.049791529E1,-1.186881866E0,-2.418071594E0,9.562115479E0,9.934274570E0
1.050794029E1,-1.174308014E0,-2.432142334E0,9.580976257E0,9.954366966E0
1.051796429E1,-1.162183228E0,-2.445165253E0,9.572593689E0,9.948067797E0
1.052798929E1,-1.160237274E0,-2.443818054E0,9.568103027E0,9.943188259E0
1.053801429E1,-1.154100037E0,-2.448009338E0,9.572593689E0,9.947826222E0
1.054803929E1,-1.146166534E0,-2.448458405E0,9.574389954E0,9.948748126E0
1.055806429E1,-1.148561554E0,-2.425855408E0,9.584868164E0,9.953575530E0
1.056808829E1,-1.142424316E0,-2.406695251E0,9.584419098E0,9.947783914E0
1.057811329E1,-1.154848480E0,-2.372416534E0,9.569450226E0,9.926550904E0
1.058813829E1,-1.163979492E0,-2.377056885E0,9.583371277E0,9.942145278E0
1.059816329E1,-1.169967041E0,-2.374961243E0,9.573042755E0,9.932392027E0
1.060818829E1,-1.163680115E0,-2.376308441E0,9.560319214E0,9.919712531E0
1.061821229E1,-1.164877625E0,-2.382595367E0,9.574539642E0,9.935064667E0
1.062823729E1,-1.162931671E0,-2.396366730E0,9.575737152E0,9.939302067E0
1.063826229E1,-1.156045990E0,-2.397264862E0,9.569599915E0,9.932802408E0
1.064828729E1,-1.153351593E0,-2.407144318E0,9.586514740E0,9.951172219E0
1.065831229E1,-1.161135406E0,-2.419269104E0,9.584718475E0,9.953287230E0
1.066833629E1,-1.171314240E0,-2.419718170E0,9.581125946E0,9.951129959E0
1.067836129E1,-1.156195679E0,-2.412233734E0,9.578281860E0,9.944804846E0
1.068838629E1,-1.159488831E0,-2.415975952E0,9.573791199E0,9.941772079E0
1.069841129E1,-1.157093811E0,-2.408341827E0,9.563762054E0,9.929980920E0
1.070843629E1,-1.164278870E0,-2.419718170E0,9.577533417E0,9.946845111E0
1.071846029E1,-1.159937897E0,-2.417323151E0,9.599387970E0,9.966802724E0
1.072848529E1,-1.173709259E0,-2.430046692E0,9.571545868E0,9.944707670E0
1.073851029E1,-1.184636536E0,-2.442919922E0,9.562564545E0,9.940516191E0
1.074853529E1,-1.184486847E0,-2.435136108E0,9.581125946E0,9.956448732E0
1.075856029E1,-1.180744629E0,-2.434687042E0,9.577982483E0,9.952869301E0
1.076858429E1,-1.179098053E0,-2.436632996E0,9.587263184E0,9.962081506E0
1.077860929E1,-1.161883850E0,-2.433190155E0,9.585616608E0,9.957631955E0
1.078863429E1,-1.159638519E0,-2.425106964E0,9.559720459E0,9.930466280E0
1.079865929E1,-1.152154083E0,-2.424807587E0,9.522597656E0,9.893786787E0
1.080868429E1,-1.150208130E0,-2.430944824E0,9.552086334E0,9.923448232E0
1.081870829E1,-1.155896301E0,-2.423909454E0,9.639654236E0,1.000671610E1
1.082873329E1,-1.143023071E0,-2.422562256E0,9.614057465E0,9.980251027E0
1.083875829E1,-1.143472137E0,-2.419269104E0,9.537865906E0,9.906123236E0
1.084878329E1,-1.186133423E0,-2.401905212E0,9.526788940E0,9.896250232E0
1.085880829E1,-1.222507782E0,-2.387834473E0,9.491911469E0,9.863704277E0
1.086883229E1,-1.212328949E0,-2.371219025E0,9.588011627E0,9.950999352E0
1.087885729E1,-1.149609375E0,-2.356399841E0,9.754315796E0,1.010053952E1
1.088888229E1,-1.173260193E0,-2.381697235E0,9.483528900E0,9.848164377E0
1.089890729E1,-1.244961090E0,-2.424208832E0,9.375453644E0,9.763495665E0
1.090893229E1,-1.180894318E0,-2.512525177E0,9.569001160E0,9.963587574E0
1.091895629E1,-1.115480347E0,-2.575394440E0,9.638007660E0,1.003833375E1
1.092898129E1,-1.115929413E0,-2.510130157E0,9.505233765E0,9.894216532E0
1.093900629E1,-1.188827820E0,-2.453098755E0,9.597741394E0,9.977356612E0
1.094903129E1,-1.169967041E0,-2.393073578E0,9.744586029E0,1.010210775E1
1.095905629E1,-1.129700775E0,-2.323019257E0,9.702373810E0,1.004035357E1
1.096908029E1,-1.225202179E0,-2.281854858E0,9.617649994E0,9.960279784E0
1.097910529E1,-1.248852997E0,-2.270328827E0,9.589807892E0,9.933702341E0
1.098913029E1,-1.204844513E0,-2.255210266E0,9.577234039E0,9.912670452E0
1.099915529E1,-1.187031555E0,-2.272723846E0,9.533524933E0,9.872305467E0
1.100918029E1,-1.188378754E0,-2.316283264E0,9.514364777E0,9.864104081E0
1.101920529E1,-1.182840271E0,-2.357597351E0,9.562564545E0,9.919678273E0
1.102922929E1,-1.179696808E0,-2.406844940E0,9.580377502E0,9.948277249E0
1.103925429E1,-1.182391205E0,-2.463427277E0,9.558223572E0,9.941134782E0
1.104927929E1,-1.175206146E0,-2.510728912E0,9.538764038E0,9.933422800E0
1.105930429E1,-1.164129181E0,-2.535427551E0,9.518406372E0,9.918853234E0
1.106932929E1,-1.165027313E0,-2.524799652E0,9.572444000E0,9.968128513E0
1.107935329E1,-1.149160309E0,-2.504591675E0,9.622140656E0,1.000895298E1
1.108937829E1,-1.141376495E0,-2.486329651E0,9.616901550E0,9.998468426E0
1.109940329E1,-1.125659180E0,-2.460583191E0,9.611662445E0,9.985270812E0
1.110942829E1,-1.117725677E0,-2.433190155E0,9.588011627E0,9.954882821E0
1.111945329E1,-1.122665405E0,-2.407144318E0,9.558373260E0,9.920545386E0
1.112947729E1,-1.147064667E0,-2.397115173E0,9.540260925E0,9.903458842E0
1.113950229E1,-1.160087585E0,-2.390528870E0,9.546697540E0,9.909584522E0
1.114952729E1,-1.182091827E0,-2.405348053E0,9.541608124E0,9.910869081E0
1.115955229E1,-1.195713501E0,-2.429897003E0,9.540709991E0,9.917624583E0
1.116957729E1,-1.189576263E0,-2.446512451E0,9.554631042E0,9.934359024E0
1.117960129E1,-1.176852722E0,-2.441423035E0,9.519304504E0,9.897610167E0
1.118962629E1,-1.161434784E0,-2.448608093E0,9.501940613E0,9.880864727E0
1.119965129E1,-1.110839996E0,-2.462229767E0,8.968749390E0,9.366696672E0
1.120967629E1,-1.060694275E0,-2.396067352E0,9.198072510E0,9.564034138E0
1.121970129E1,-1.077609100E0,-2.469414825E0,9.412277069E0,9.790312078E0
1.122972529E1,-1.245859222E0,-2.505040741E0,9.430389404E0,9.836647733E0
1.123975029E1,-1.226100311E0,-2.568059692E0,9.798174591E0,1.020306218E1
1.124977529E1,-1.160386963E0,-2.613115997E0,1.023541534E1,1.062725743E1
1.125980029E1,-1.154249725E0,-2.535577240E0,1.062745010E1,1.098654359E1
1.126982529E1,-1.253193970E0,-2.499801636E0,1.069181625E1,1.105144507E1
1.127984929E1,-1.300046539E0,-2.570155334E0,1.005848328E1,1.046273890E1
1.128987429E1,-1.060993652E0,-2.383792877E0,9.457932129E0,9.811251509E0